f43ff882febb3e9ce969020f87d08ac2##system/xbin/tcpdump
b21d65c53ed429fe2222fb5d2cb10a50##system/xbin/dexlist
7cbf9f152cf597aa022094d74c52c7fd##system/usr/idc/AVRCP.idc
dd15572ac573c136116fb9afdb4d75f3##system/usr/idc/qwerty2.idc
18b05c0380348231edf9009080c91004##system/usr/idc/qwerty.idc
aad4276f6553f282ef7c20205e163ae9##system/usr/keychars/Virtual.kcm
fdcfa3a47f2fe41823d0ab5d2c6b6ba3##system/usr/keychars/Generic.kcm
573a9e5cf77c30bd86caee84ba9a9143##system/usr/keychars/qwerty.kcm
bdecec898df5756ec10be389ecf58fe9##system/usr/keychars/Vendor_18d1_Product_5018.kcm
c2b2123ba44a03ae28a040fb8b4a34fc##system/usr/keychars/qwerty2.kcm
7a1836009614c699b7fdd141df8d0b8d##system/usr/share/bmd/RFFstd_501.bmd
9f52ea6c32e1d7337a2e3e18698a6b3b##system/usr/share/bmd/RFFspeed_501.bmd
f7d8410c4c7bf4ccf22b7ba90347f928##system/usr/share/zoneinfo/tzdata
83894db3d82f3e0cce0b0d44367937b5##system/usr/keylayout/Vendor_054c_Product_0268.kl
01721fb4ba8f610bf3b4d6972b04007a##system/usr/keylayout/Generic.kl
4a3f5ffc811aad6cf5166e32a9037309##system/usr/keylayout/Vendor_1d79_Product_0009.kl
67f5a3e50b11736d478335efbae7683b##system/usr/keylayout/AVRCP.kl
2d1618929b2f9f4cf24d0fde09529bd6##system/usr/keylayout/Vendor_0583_Product_2060.kl
7c7b80cd1a84db537931d6f4ae6b0f9f##system/usr/keylayout/Vendor_18d1_Product_2c40.kl
816c93a47f76a02b833c1bb90e4b28be##system/usr/keylayout/qwerty.kl
ebe97fce7e060f1748ccf2b661a5f503##system/usr/keylayout/Vendor_1bad_Product_f027.kl
84cf572d72fc320b25d571b5ceca272c##system/usr/keylayout/Vendor_1038_Product_1412.kl
e5d23e2d940599e2b588f444e0f8e501##system/usr/keylayout/Vendor_12bd_Product_d015.kl
e41f04182042482f7f5be91f3d7a81c2##system/usr/keylayout/ACCDET.kl
0fa023e83a1acb851149d71382091235##system/usr/keylayout/Vendor_1bad_Product_f023.kl
ad73ab0b53b3f3cd2bda6b40456118d8##system/usr/keylayout/Vendor_1689_Product_fe00.kl
799811f7d8a98f5789616fe0d0a26f28##system/usr/keylayout/Vendor_2378_Product_1008.kl
b338d85db2daba662df3db15e8299395##system/usr/keylayout/Vendor_05ac_Product_0239.kl
49fc67e91443db3e52945d362c70f2f7##system/usr/keylayout/Vendor_22b8_Product_093d.kl
267937fe157f79f2b2cebe863278da86##system/usr/keylayout/Vendor_1bad_Product_f036.kl
16264f279603d030eefe4154e9cb7b27##system/usr/keylayout/Vendor_046d_Product_c216.kl
860981906fef208fccc512c828d52afa##system/usr/keylayout/Vendor_045e_Product_028e.kl
528ac66d66fa66461a58ea12c05d3abc##system/usr/keylayout/Vendor_046d_Product_c532.kl
70c6e78c6156bdf93358836cc009a8c5##system/usr/keylayout/Vendor_0079_Product_0011.kl
277b50d8c2c1a9b75e896a95f3d30b67##system/usr/keylayout/Vendor_1532_Product_0900.kl
563fd17b48874781b7adeb6627c4cc3c##system/usr/keylayout/Vendor_046d_Product_c219.kl
76d6338ae0538d1b6d997eb1b80fadb8##system/usr/keylayout/Vendor_1949_Product_0401.kl
e77109148a9656589908f29d68fad780##system/usr/keylayout/Vendor_046d_Product_c21d.kl
4c763c5a53ff3ce901b65a6a85411f95##system/usr/keylayout/Vendor_0b05_Product_4500.kl
da7ee59305a1d4a427b386a6693e7712##system/usr/keylayout/mtk-kpd.kl
42a066a308337e28950b2c696369ccf4##system/usr/keylayout/Vendor_046d_Product_b501.kl
51e8e2ba995597472e6ffff6455f238e##system/usr/keylayout/Vendor_1689_Product_fd00.kl
57b5dbd698e65d3d29f5e88234f2f8bf##system/usr/keylayout/Vendor_046d_Product_c21f.kl
9dff1bdde39507e9522c7d3bf04ab380##system/usr/keylayout/Vendor_1bad_Product_f016.kl
e7c1a7c488e461020bc53715bd58c50b##system/usr/keylayout/Vendor_1689_Product_fd01.kl
c8fdb3090ac046456e982b029077785d##system/usr/keylayout/Vendor_046d_Product_c299.kl
5968efc49a4b902c4db175676d21b7b7##system/usr/keylayout/Vendor_2378_Product_100a.kl
e0a59b92cbe553e993d5bf4cf720647e##system/usr/keylayout/Vendor_18d1_Product_5018.kl
a11b03dd4d7a335afe20e06f795273f8##system/usr/keylayout/Vendor_046d_Product_c294.kl
1864e47e724bb7f9c052a2840eee21d9##system/usr/hyphen-data/hyph-hr.hyb
377c2037cbcf9c827abe0fc14f6059e7##system/usr/hyphen-data/hyph-ga.lic.txt
a21358dd4506643486f72f7d80d60a5b##system/usr/hyphen-data/hyph-sl.hyb
88b519aab8377999812832f25422e84a##system/usr/hyphen-data/hyph-da.lic.txt
ea3b66f02620a49881d6219568cec399##system/usr/hyphen-data/hyph-eu.lic.txt
48c87c0649f6503b226e8c13402c3186##system/usr/hyphen-data/hyph-mr.lic.txt
e8c29b4222918c9119b5cd34d6ea1c1e##system/usr/hyphen-data/hyph-hi.lic.txt
1107791045655b225b286683666c5891##system/usr/hyphen-data/hyph-pa.lic.txt
044929b7be4e370a00d7f02d7b4eda7f##system/usr/hyphen-data/hyph-et.lic.txt
0d83ea301f8418bb0032b11fb95826ee##system/usr/hyphen-data/hyph-as.lic.txt
092e0a95d6dada26ca56d2ed558749a3##system/usr/hyphen-data/hyph-fr.hyb
f6bd0377237fca3c4b7c6a6cb244298b##system/usr/hyphen-data/hyph-es.hyb
ed60185b6f455b6f8ed27eaeb73334a9##system/usr/hyphen-data/hyph-tk.hyb
fa3dcb77293a058277cb148a0ff491fa##system/usr/hyphen-data/hyph-en-gb.hyb
b0f32ed7b4b8a068a962d820627b7229##system/usr/hyphen-data/hyph-cy.hyb
0f27e5bccc1cd9ddf3eac020da27da57##system/usr/hyphen-data/hyph-pa.hyb
a601eb7395c5a5a31208c1dc700be48f##system/usr/hyphen-data/hyph-de-1901.lic.txt
0807cf29fc4c5d7d87c1689eb2e0baaa##system/usr/hyphen-data/hyph-mr.hyb
84a0a36ea2c5b3209a3cd40d1043230f##system/usr/hyphen-data/hyph-ml.hyb
07cda8332b62726883b29290ca35fc89##system/usr/hyphen-data/hyph-mn-cyrl.hyb
0807cf29fc4c5d7d87c1689eb2e0baaa##system/usr/hyphen-data/hyph-hi.hyb
4aa9b2c0c9ccde5140d01dc6502242bb##system/usr/hyphen-data/hyph-und-ethi.hyb
8961fdd3db036dd43002659a4e4a7365##system/usr/hyphen-data/hyph-bn.hyb
7e265a294303f69aa66c243f5f474463##system/usr/hyphen-data/hyph-or.hyb
8961fdd3db036dd43002659a4e4a7365##system/usr/hyphen-data/hyph-as.hyb
146f48ea20eb050fa8642b124b5a41a3##system/usr/hyphen-data/hyph-mn-cyrl.lic.txt
e33c1b1fcae65b58b0bc4b8237e72d10##system/usr/hyphen-data/hyph-cy.lic.txt
cc5929db2026736989d8db52538eb3ca##system/usr/hyphen-data/hyph-kn.lic.txt
b3e27b19d24a31cada15a258cca4ee29##system/usr/hyphen-data/hyph-hu.lic.txt
4871c22652bf613a7ad170d3b2095fab##system/usr/hyphen-data/hyph-de-1996.hyb
f4ecc3dde5ba732b9e0a5b9272bacc7e##system/usr/hyphen-data/hyph-en-us.lic.txt
768032a419e0ae3bd870d591e2173715##system/usr/hyphen-data/hyph-ga.hyb
bf9df63b3c97de3bff99e24ee4bc5f2e##system/usr/hyphen-data/hyph-te.hyb
6d3f32588dd8f44b605731d5220869a9##system/usr/hyphen-data/hyph-und-ethi.lic.txt
ab2f6f9696fc7d699356244725e7c778##system/usr/hyphen-data/hyph-ta.hyb
3a2f48244b70e7a7dcbc40790f83e1b0##system/usr/hyphen-data/hyph-hy.lic.txt
f7c2d166f5e94bceae05e4075e76e3b9##system/usr/hyphen-data/hyph-gu.lic.txt
03c25866696a562814f932c7696d46d9##system/usr/hyphen-data/hyph-de-ch-1901.lic.txt
a24681d5bf4b0d61d40fcbe550f59906##system/usr/hyphen-data/hyph-pt.lic.txt
2ae42ab807286f6ec0ff1876d9536b0b##system/usr/hyphen-data/hyph-et.hyb
d0e160dca547eda390d6cc7c4a1f7ac6##system/usr/hyphen-data/hyph-da.hyb
26269dd2f08398b5f41e7abfbf8f281d##system/usr/hyphen-data/hyph-ml.lic.txt
996b4bd226ebf86dfc2012a19bb2484b##system/usr/hyphen-data/hyph-hr.lic.txt
513a46a8f0a2311138055e15882275cc##system/usr/hyphen-data/hyph-sl.lic.txt
f2d8fe158d5361fc1d4b794a7255835a##system/usr/hyphen-data/hyph-nn.hyb
d986ac2e7c75cf3ef929a7a269ae0d5a##system/usr/hyphen-data/hyph-kn.hyb
8b204bb948860ffc30c7070149098855##system/usr/hyphen-data/hyph-bn.lic.txt
b780daeb7ea000231dff06ddb9fcad4d##system/usr/hyphen-data/hyph-de-ch-1901.hyb
37b1f197e8dfbafdac4597edcf673e63##system/usr/hyphen-data/hyph-hu.hyb
43017fef8735cc01feb674ed104cb23a##system/usr/hyphen-data/hyph-en-gb.lic.txt
91ca4fcc002bc4e2be874e584c811225##system/usr/hyphen-data/hyph-fr.lic.txt
677edd1a17d50f0bd11783f58725d0e7##system/usr/hyphen-data/hyph-nb.hyb
f6dc4e0fb974869d3d9457c582a38690##system/usr/hyphen-data/hyph-gu.hyb
70ea4451c3a26fd7197a3d2188be4152##system/usr/hyphen-data/hyph-hy.hyb
e90ea97070cfcfa795fbd807ac300d34##system/usr/hyphen-data/hyph-eu.hyb
1aa47b7c982835c88c0d1d2386fdbae8##system/usr/hyphen-data/hyph-te.lic.txt
bb207a713cc37260934a453e83e6d1ae##system/usr/hyphen-data/hyph-es.lic.txt
11ca1bf7fce770ee22d02b43181c59de##system/usr/hyphen-data/hyph-or.lic.txt
8c62ff8fad8db50d632711dc53434551##system/usr/hyphen-data/hyph-nb.lic.txt
564ff32ded64c6bfc693f2758a53d68e##system/usr/hyphen-data/hyph-pt.hyb
4e3fa6bb5a3daa65dde814c27b0ceeaf##system/usr/hyphen-data/hyph-ta.lic.txt
12d76dcc9ddc5737fb18f60fcb9e05b9##system/usr/hyphen-data/hyph-en-us.hyb
ed315d3e115bcde788969821f46fb400##system/usr/hyphen-data/hyph-tk.lic.txt
295cc2b7da23592d799f486523e15a2c##system/usr/hyphen-data/hyph-de-1901.hyb
59bc6b07bf05c0c93efd512ab4f258eb##system/usr/hyphen-data/hyph-de-1996.lic.txt
8587f02d89669cb722b5daf945f52973##system/usr/hyphen-data/hyph-nn.lic.txt
e073a6b13ee11031354324f44ae3ebd3##system/usr/icu/icudt56l.dat
cd07d6fb7e076561ff82d874716b518d##system/bin/app_process64
178fa3228176fedbaf9147849afd643d##system/bin/atrace
a34ba7c4bf099e138529c10e44e3c06c##system/bin/vdc
9d382adb358bffb18aa4aa0eaa3b2e72##system/bin/dumpsys
37384898d2c66770171f6c4599f3fb17##system/bin/pppd_dt
2ada8934d09702a0f82ccb510d9ddef6##system/bin/grep
266f54b938d8a91c7c0414ff23556240##system/bin/dex2oat
919c711e0f494a4acf75883a56d11f59##system/bin/dalvikvm32
8cb39acca6e2e291af069a5634cf514b##system/bin/toolbox
26bd723c866b546fac5668091c0d7fd2##system/bin/sh
c563116653665d6535f11ba1d8d5bfe6##system/bin/bugreportz
0be1b01035278c271f22431110af434d##system/bin/bmgr
3de73e464eaf7c48ea238a8773a14c95##system/bin/wpa_supplicant
73c697aa441e9d0e00421695e31ebf9d##system/bin/ndc
2cdbaceceeb2636a2a25656d76182bdd##system/bin/reboot
cd13668d89edf4bcee58f1d41f109275##system/bin/sm
2a60674d6691222559044663e00906d1##system/bin/pm
4797819c2f16ac4c913d30ad6996cea7##system/bin/netd
ed99dfb44b33a00348f1302d77999eef##system/bin/screencap
0a8da6620d6940a6cb9384e16c31bae8##system/bin/monkey
99f947b9710aaf303c430bc8ac0a5ce2##system/bin/iptables
337c71d8c0031adce0d661c376e75b3c##system/bin/logcat
807521801b0dc805094ea00e8d42bffd##system/bin/logd
8f80c863ef264d429db3d8713cccf6ee##system/bin/secdiscard
b80d6269b7ff967529abf4916d1c7a36##system/bin/gzip_static
1b9b4b360b2f6cee5eff2bec00c62c5d##system/bin/uiautomator
0fd06bf2d93a1aa47a6e4ff5724d9fe8##system/bin/mtpd
4e96042cc22f532cc57d9d60cfaa7bc4##system/bin/applypatch
965660350b8a3220f01f83e1709189be##system/bin/drmserver
723c39a5bf00837220e1265fbacb8686##system/bin/ip6tables
864d2eb755d4368c704d0df6dc35395d##system/bin/hostapd
b570ae27cfa1d236d93b4bda73261751##system/bin/requestsync
5ec73d9ec5c8f72bd1ebc94b6b7e7f8e##system/bin/uncrypt
2f5a74ffc3c67bd5ee51873efd1b45e1##system/bin/toybox
7356e2c538612403f84ed0bb02f7d7ef##system/bin/keystore
0c8cfa9b313f2c1852fe262e1045b7d6##system/bin/mdnsd
4ea071a6860c2312e9fb28c429525e2a##system/bin/storage_test
2b7c1f96b170ca9f37be2a16ea430d11##system/bin/gatekeeperd
eb9178e4c8bd5e289d34aebfadc33b8d##system/bin/linker64
c1c6c94daae9f68b6161db66a65076d4##system/bin/hostapd_cli
588186893d825ba64a884956f0c20197##system/bin/ld.mc
78e8616313e9e54d3d6404f3b935b4e1##system/bin/pppd
0f6c79e4ea79838bdfafa409c9ec0574##system/bin/oatdump
e3fdc87f93393bcfed6aaae85f42cf05##system/bin/appops
7c07be91d6cce723b79425ee926f1617##system/bin/tune2fs
27b84c6a90d1df964ef843699cfd99e4##system/bin/sdcard
dd925ef836e1b70749a379c747820f15##system/bin/clatd
dfee9a369c33a31d48d4fa56773c42dd##system/bin/wpa_cli
8f4059cf10f7dd78be7d1e5f5440f8ae##system/bin/stressapptest
2fc8713fd6c0c0ff2f7da0c72b38c2e5##system/bin/sensorservice
fe8978e0b583d99457c89f214e069f9d##system/bin/dpm
48328aac2c4b4d6456c8a97555ada22f##system/bin/resize2fs
5d1a77358555ba831049a629f35b47bf##system/bin/ntfsfix
4d58dd4d8b4465d44bdc09ed2abdbe3c##system/bin/sgdisk
f1bc2e348dd651fc144f75c1d3e0e10c##system/bin/linker
8d524259c211828643bc8960c3493393##system/bin/cameraserver
e9a4b1b837f7a39b531f1ef8fdfc1629##system/bin/debuggerd
e88699ace4643f7f226d6aee1e852980##system/bin/gzip
01f979aef834b1e1bdf52c8d6d283fe2##system/bin/make_f2fs
53b0544a1d1efd01127d015bec9a4847##system/bin/fsck_msdos
5d793dc5a09f6d703c54097ca6b0bf31##system/bin/input
ed2bb0f6192a2643d85ab39194451dbc##system/bin/tc
c76aeeda16afb448d88861c7092a5d5c##system/bin/servicemanager
efda491b28fc3dfd0057931a814b4fc5##system/bin/dalvikvm64
3135f0a4c9d7c2ea0ea9913534087c08##system/bin/settings
88e0ef5c8420bf6352b9a0682bb5fa33##system/bin/fsck.f2fs
e7131cfd1f8a1ae5e0da1789ca8de2cb##system/bin/dexdump
a5858f30a36235f312e81e880f959959##system/bin/badblocks
c4ed5776158a9718b1b685000eec4f9d##system/bin/ip
e20db70159c4cdbd49ecd742fbcc1de7##system/bin/bootstat
c78623e6bc19997716bb19c560cb6d59##system/bin/bu
7bf64a8522d5b904678e8b61b7fcb10d##system/bin/run-as
65121dab36131da22989918b4fca4562##system/bin/bugreport
460b236c503b60611519a64d42b0ba23##system/bin/surfaceflinger
954d5e4fa4920d5f27648e87d34de515##system/bin/am
696817c14e13643452bd486948cec759##system/bin/audioserver
8a252d10b36527808ef9a4100ed080bb##system/bin/mediacodec
a1f6eaecd4ecc0d85f964f4ff48f5371##system/bin/content
328aaf6f125596f4e1b98955264370d3##system/bin/memtester
326706a253d340eae034e7dbbb2b74bb##system/bin/blkid
92be12c9c8cecc3b41fec1fce0cb26ae##system/bin/app_process32
30b000f495ff73277419e82f12e827ec##system/bin/perfmonitord
e7421dfcb6e58b01d736b9b1e8c90cf9##system/bin/ntfs-3g
51f4739922ea342ec03bf5ff2835848d##system/bin/mke2fs
42817eb0feae8f8768fed0988b4f74db##system/bin/telecom
5fb82a9c9b4e03f33c140deb64c549ac##system/bin/ping6
4046addd38ab11ffb8996d4a81fdb3bf##system/bin/cmd
fd7240240b4ef9088a990b4dbb63a9e3##system/bin/vold
0a93eee1f32af8a3821a48522890cf0a##system/bin/dnsmasq
48fe35bfdfc05fbf54c898607dfc1dd4##system/bin/dumpstate
1327fd993c153a5b8d2b9672f426ba61##system/bin/tzdatacheck
dd5f5ffe053a3b7dde2d9e630570f25a##system/bin/bootanimation
b86583cb19449a39ff3b56ba12c3755f##system/bin/make_ext4fs
7c469e95756e3c46a3e6e451b3e6c47b##system/bin/installd
67b2e16741d6a15e64a83450631a0920##system/bin/mediaserver
a73e8b0108a34390c41d683d4689f495##system/bin/lmkd
80cc3eb233c14c4f572bbe903169118d##system/bin/screenrecord
bc090e8d9b91306e20dcd8638f3e9241##system/bin/profman
e039752f1387bbe2533f252ab9b2560a##system/bin/e2fsck
379c9b4faa02d6450bc86762099b4cc5##system/bin/ime
5a8ce79af6e7dc7519a35dd3fc9ac0aa##system/bin/idmap
8a9c1ca2e7b4f57df45daa97b69041a5##system/bin/wm
e4ede1dd233ac9fa1cbf5ed6ca7babe0##system/bin/appwidget
585a6db286f4d4d57db926240565979c##system/bin/bcc
fc9dec1177cdcb0b10ee964bcedcc8c4##system/bin/debuggerd64
85857a67f1d1fcd692328ef67492d35a##system/bin/svc
2e45b514289f72203aeac12c9b627298##system/bin/service
b3a44f5cd38b3f5f05146263ba2650c1##system/bin/hid
71ce37a3c8e8edabbfe493ca60763f05##system/bin/mediaextractor
08bbd8861085b1a27a8cb09a80050aac##system/bin/patchoat
1866ccc8e3a1c6cc7dcbb30f898c926f##system/bin/ping
0e9aadfa74ea18afa2ec9dce3d8285fd##system/bin/mediadrmserver
ed3e6545ea3c3e884c41c58e434eba79##system/bin/schedtest
121ead38534c39b86b96afb220967468##system/bin/logwrapper
8c830153e447ecf53acf4eae55ae6a8b##system/bin/racoon
26f6f10ee0f530d78863dfe3bc4f57f8##system/bin/media
6fcb40b9f34e1e333d7b52edf63d7cb4##system/framework/com.android.location.provider.jar
a58d0a5be1b7a183b8ba9541161b690e##system/framework/com.android.mediadrm.signer.jar
4dc1884bc2387582d107f23a2e5a52b7##system/framework/android.test.runner.jar
33e4725f88ceb4bcb4363368b9e9dc92##system/framework/mediatek-telephony-common.jar
017c6f09d654fee3736545ac33efba45##system/framework/wifi-service.jar
6a372601f2ffebb1ea5c27cb151906be##system/framework/hid.jar
51519aa1c6f50f69d14c66b4e1cf7ad5##system/framework/core-libart.jar
95e2e25751842ed9617cb51449baa6b8##system/framework/ext.jar
faf42b361c83836b0958db49647cd744##system/framework/voip-common.jar
74d1b83fbd35ca05fdf121cf31c815fb##system/framework/okhttp.jar
6cd15a5fabd979aa79d39400e19f6855##system/framework/mediatek-common.jar
964ebd0ee755c2a18ce96f6e53976488##system/framework/wm.jar
03aed0d50b685be260db80ea4544496d##system/framework/content.jar
b9374491cd76d4f6b82e5be16ea70d7e##system/framework/framework.jar
cbe4f328fec43c6c4a5972948881bd19##system/framework/ethernet-service.jar
6fe40cf9d19b29dfb26835708717e2b3##system/framework/bmgr.jar
9b2f6c286d0489aafa447421ad6959ed##system/framework/core-oj.jar
6f28ac8444dad7f23744a5d243ed35d5##system/framework/com.android.media.remotedisplay.jar
a5f2a33cf3ef0f2da49448f7eb6a3a74##system/framework/telecom.jar
d0a071f0f0a3e94baa79d3fc9fd3f7f1##system/framework/javax.obex.jar
a372061c2fb673445702508ceb32de04##system/framework/core-junit.jar
6b64b2afc9451c4feb549065cd672c4b##system/framework/framework-res.apk
efe51c5e9d2e334096094476d8eda785##system/framework/mediatek-framework.jar
f443736b88526d806aed755cb2ee9542##system/framework/settings.jar
4fda08a54a4771ff00a0480fd363f8d1##system/framework/services.jar
6f827b08fcdb2a5cf75ac75e4de432b4##system/framework/svc.jar
137deeb653e17f7783c5be6b7d66f537##system/framework/input.jar
c54977ec7e1ddbbd198f9e9de249b900##system/framework/org.apache.http.legacy.boot.jar
829d3685d211dc97a8410bed268db17d##system/framework/requestsync.jar
1c27c49bad812000628126255b71e8df##system/framework/com.android.future.usb.accessory.jar
5fb3090a2932f9c8d39dca4c98a4626b##system/framework/sm.jar
fc5dee6f52dfb21a1054119a35725212##system/framework/pm.jar
cc78ba641d0da0ee2c03f5bfe43cd501##system/framework/bouncycastle.jar
6398dcb53d08d33aa95b5d1a9c010e84##system/framework/am.jar
0cb5a1deb303ce2b71b507ef0cd75f8c##system/framework/ims-common.jar
877d7664ad62ee58e4ced64117790d29##system/framework/bu.jar
44aa85c6a1a4e3323773f7360088c53a##system/framework/conscrypt.jar
0f6addd9a6aff7dbcbbc21ca55431fbc##system/framework/appwidget.jar
bc2a64c204b567580ba76e9f8bf28960##system/framework/dpm.jar
9662dd9b6dec3216c97e90f1fe7919b2##system/framework/uiautomator.jar
0b5223eb1a417ca5359ac06b0e8dc832##system/framework/monkey.jar
580604b1e20c6d5cf860c02cb9021691##system/framework/media_cmd.jar
2cf278a3333bf57ab20214ed26f19153##system/framework/ime.jar
4d9356327d41734be49b24d4c88ebf6e##system/framework/apache-xml.jar
dfffdede0b024eff5818f451b71e44d1##system/framework/telephony-common.jar
fd73ca7f098748b60841f75cba0a10e3##system/lib64/libRS.so
97a93569afb3f0af39c6850824b561ae##system/lib64/libharfbuzz_ng.so
198afeccc48a5c7a267f19228ce0cb3e##system/lib64/libstagefright_soft_amrwbenc.so
83e04a5e54fa9279018d33800675d8ea##system/lib64/libnativebridge.so
ec47ee07924ac41c30009d663370229c##system/lib64/libui.so
149ed9b75ed259643157e2f292d899e1##system/lib64/libext2_blkid.so
fbf4af6639d1fb5549a8f21c1ce5fb81##system/lib64/libkeymaster_messages.so
361b227befbd33eadeece111661a7160##system/lib64/libc.so
75bfdcc8b0ba4ec7952a0f2adca10476##system/lib64/libjavacore.so
9f2c9cc2a06bab688b263d69ab3705ce##system/lib64/libimg_utils.so
2e71862b1a4d1954ecb72890bff4f198##system/lib64/libminikin.so
649cac4777467725c5e6e57c4bd98f3d##system/lib64/libttscompat.so
c8969e17936408ef0f7dfb8fb20e3c79##system/lib64/libft2.so
8112945f3fd896e2029d83be2d5dd39b##system/lib64/libcamera_client.so
b15e102900d73ef11c295e344f4bb1b7##system/lib64/libprintspooler_jni.so
1b88439fe126c07b4aefb18e6b751f6b##system/lib64/libssl.so
5a89cb8648088157fded00b5b3c0578a##system/lib64/libsonic.so
c52b3d8040450f7559666ca2c598b222##system/lib64/libvixl.so
4b87112501904c8c8bef54d389d3cc33##system/lib64/libnetlink.so
669efd3eab774409e375de1604534f88##system/lib64/libpowermanager.so
a72d9a540a8338e0121a580858ff6748##system/lib64/libopenjdkjvm.so
d0644798b9a5ad25d2a09db4bde76463##system/lib64/libcamera2ndk.so
c18dfffb48d37438162acac4077ddbf9##system/lib64/libexif.so
050f9724c63255abd498344c5a6432e6##system/lib64/libradio.so
4d37f9a0a60d9a6859776bfc41c1129b##system/lib64/libmtp.so
81a969cb80a7fa9938ea0345f5ae636e##system/lib64/libselinux.so
8db4a178de4c3adeb576029f75b1c920##system/lib64/libc++.so
3349228f98fd9df4fbbe6f6d47b4c12d##system/lib64/libext2_uuid.so
7ef6614e1d409f8a7203183ad748a7e7##system/lib64/libsqlite.so
1c85a88aad295355a9247142233f7a59##system/lib64/libpac.so
06bd9ba3577210af75e277abbf681fdd##system/lib64/libcameraservice.so
2adce4af9d1a631d7ca0584c068c6c73##system/lib64/libsoundtriggerservice.so
d69b0fb5dfb0d35a03c77f2802a19e38##system/lib64/libaudioutils.so
19ab62d7ac6bc2ce0b2442a1437c68aa##system/lib64/libhidcommand_jni.so
b2b16281b83ab2382773bae49e4f7784##system/lib64/libstagefright_soft_aacdec.so
4eb6d239987182b7613d7881dbc2604d##system/lib64/libstagefright_foundation.so
50678d170283b80ba0400d5d56455939##system/lib64/libstagefright_soft_hevcdec.so
17c2c89159e251678c0bc429520f88d3##system/lib64/libaudioroute.so
6a452bf3d13f250df547d734578e8120##system/lib64/libcutils.so
c58d4aa7dd911af7eeb221de9a21e212##system/lib64/libril.so
913a24cd5ff8d61d626c2ca0852be370##system/lib64/libiprouteutil.so
06c1b051846eb9d023129f3b77d670a7##system/lib64/libmdnssd.so
22784292aec3b20b24b2b8bd8de9a1a4##system/lib64/hw/local_time.default.so
03294cac0bdbd8e59f143c5328bb6113##system/lib64/hw/audio_policy.stub.so
c0f89cfb84b1b19349085ccd78344528##system/lib64/hw/audio.primary.default.so
b206d281322e1467f60138da56e0af48##system/lib64/hw/audio_policy.default.so
53a4726d883dd6790dc19bb856fd4c2f##system/lib64/hw/audio.r_submix.default.so
a28fbb58134c5b1b74f4929fe0a65242##system/lib64/hw/vibrator.default.so
427d1bf990016de4baca8d7d8b04a271##system/lib64/hw/keystore.default.so
5656c5004d7d2bf13a3c1e98bb8959c4##system/lib64/hw/audio.usb.default.so
5aec49221085ef9d5eb42fabe0c49138##system/lib64/hw/gralloc.default.so
7b764d48b1dc32f0f246ba6319982c43##system/lib64/hw/camera.default.so
4ea206c865c6475e13434cee7f0e54ef##system/lib64/hw/audio.a2dp.default.so
fabab7e585a3857a8a5a2fa2073b7add##system/lib64/hw/power.default.so
a1d657807d35444d1f1e70bca3bc8d21##system/lib64/libdrm.so
767d493ba41a752b0809e9c4f06e0f72##system/lib64/libopus.so
c786320a78af78c3e0e4c45b32fdf2e5##system/lib64/libaudiopolicymanagerdefault.so
56a8afae75b29efda168cd2ecbf1f68d##system/lib64/libaudiopolicyenginedefault.so
4477be0883a78e29ae2f9117fd120bfd##system/lib64/libxml2.so
f319622dbce5bcdcf8e37f3d9eeb2125##system/lib64/libstagefright_soft_vpxenc.so
bedcd53359d51c22110039ba6e2ad91d##system/lib64/libnetdaidl.so
a5ed0cee17ca91734f7644abcb55a3e1##system/lib64/libtinyalsa.so
3042fa50eff7b2da2cb048c22ea54d9e##system/lib64/libaudiopolicymanager.so
aa2c7a7160671b4824ef19ed6eb8fe85##system/lib64/libntfs-3g.so
31a639f9ba8a4f95c06579362374d871##system/lib64/libtiff_directory.so
68136bdf900f025da03a23d619f23a4a##system/lib64/libGLESv3.so
9a83495fc1df89f66c0561a7d409f77b##system/lib64/libinput.so
7170e1522983e6508c08ab909aad3fb2##system/lib64/egl/libGLES_android.so
f0250cb9592438d8f343fcd019022415##system/lib64/libRS_internal.so
0d36bf9d89da601fe8f7bbc91156bb24##system/lib64/libpcre.so
5e840a26583c52618ba324880c5b44c9##system/lib64/libpower.so
8ca80bacbe1e1fb890222b2fef7614b7##system/lib64/libclcore_g.bc
d19ac3a910b256115ec54250c9b3aedf##system/lib64/libstagefright_soft_gsmdec.so
c9827b1c4237cb1e29dbd97b702f73f8##system/lib64/libpackagelistparser.so
8893b64edf7b6a268c7e5a65822af0bc##system/lib64/libcrypto.so
c4fa184b63c8bc53bb14b2e43e27ead5##system/lib64/libandroid.so
7523c10925fc294acdc0a420dbc37c97##system/lib64/libreference-ril.so
1128304e3e7266dac68fd771352e91a4##system/lib64/libETC1.so
f838a1d827e0935a35854a843da72bf4##system/lib64/libc_malloc_debug.so
8381b6953c5730dd8c0123b2b32487d7##system/lib64/libandroid_runtime.so
623080fca463eac81aba0f06a30d109b##system/lib64/libmediandk.so
03896cf0390c6cb299363041eb4dd80d##system/lib64/libext2_com_err.so
912113e2125c06e997dfdb47cebe1406##system/lib64/libkeystore-engine.so
3fd7a12352af1d6ce9604edb8650f3ef##system/lib64/libion.so
26a02c880ce4aff2e7a1f08786abcd61##system/lib64/libsoftkeymasterdevice.so
b921a04a1e286a5eee94076cfe5385bd##system/lib64/libkeystore_binder.so
3bf8b78d26b35287810abef5dbad34e1##system/lib64/libdng_sdk.so
26feede28384ec51fccea9e69340a51d##system/lib64/libfilterfw.so
c234a48b9b79ffdae7fd868588285ce9##system/lib64/libf2fs_sparseblock.so
ebb6b65fcd59c2e240ea3092009cacc0##system/lib64/libttspico.so
610776e3884f266c6413899d5147449f##system/lib64/libandroidfw.so
b7022f9c07156a2330436a4b140dc29d##system/lib64/libutils.so
da06b93a7a5bde2cb8ee5567bd1386d2##system/lib64/libsurfaceflinger_ddmconnection.so
08c08fbfc351af213994a53e1c85f325##system/lib64/libwebviewchromium_loader.so
046bc246701da21febc6eaa36e0cf3e7##system/lib64/libstagefright_soft_vpxdec.so
57b242814ca06a974e10b792bbdda578##system/lib64/libprocessgroup.so
08735fe8131531a8ceb3f39595cf18d1##system/lib64/crtend_so.o
315efcbf401e045f95071d3928e32c5c##system/lib64/libja3m.so
7cbbe7a041965c20bd94c6d54de752d2##system/lib64/libgatekeeper.so
076b831f3b477e729fe82180beb92c62##system/lib64/libjavacrypto.so
cd4cba589c95fee6207150deea60f45f##system/lib64/libhwui.so
2125f5f2870bd7c045723a34d70192b8##system/lib64/libdl.so
faeb37442bba2c8b870892da12d26cf1##system/lib64/libstagefright_soft_mp3dec.so
d51260da225eea5d82e194ec004da938##system/lib64/libradio_metadata.so
31af08ab1363de5e8597360b81d28ddc##system/lib64/libOpenMAXAL.so
8fa1eedd9f6294aef490edae5039d5be##system/lib64/libgui.so
25e86453184df2e1b11dd48f0ebb4de0##system/lib64/libradioservice.so
92ba4c0652f16e543f025c6d2009d67d##system/lib64/libsoundpool.so
b275892afef997500e6530646d8d9cee##system/lib64/libbacktrace.so
35e55aeaf5c3563d5c66caf3771db464##system/lib64/libbbk_decryptblmbmd.so
06355d3d7e0397db332d4b2fcd06bcbf##system/lib64/libmemunreachable.so
7d8faa00a591a4fe2344dd7eaae1007d##system/lib64/libmediautils.so
f30ef57a567026c65642f77eacafff42##system/lib64/librs_jni.so
974b4741bfe3d0d6847254cbc49b0708##system/lib64/liblzma.so
b19e052bc3219c4dc91841bd95f86bc5##system/lib64/liba3m.so
c7361fa312a3835e2a455232684eaa71##system/lib64/libbinary_parse.so
be3f3bdba9d9ea5d02988b53880918fe##system/lib64/libpcrecpp.so
9f92597763f5ce70a4c48915f9eb2e8d##system/lib64/libnativeloader.so
91eb67602daa10ffd70aec12cf433eb5##system/lib64/libjpeg.so
d7d66a512603ebbbc53055cdc1714a7b##system/lib64/libGLESv1_CM.so
5961d79c3f2fd651d70c603fb9184d93##system/lib64/libdrmframework.so
a7cdd55c6c0ed8e0ef8f116dd9d513ee##system/lib64/libbcinfo.so
dd0665ef33c023d83f76e515b7af9185##system/lib64/libkeymaster1.so
f44115b8e7273f2a07fa896de990f83d##system/lib64/libstagefright_soft_g711dec.so
e736aaffc9877e685ffa8b8f6883a576##system/lib64/libexpat.so
5877adf3103c385d9bd979075d2e1061##system/lib64/libstagefright_soft_mpeg4enc.so
ae7e7d4389a0a06c287f27756e67fc65##system/lib64/libmediadrm.so
1ab763f826f688fa51577caf54201157##system/lib64/libeffects.so
3ba0cc65875b8e0e485939adad74b4a2##system/lib64/libstdc++.so
d4c1a62d188a78485740db8d36872994##system/lib64/libnetd_client.so
17973aa1fdab0a897d23891b7c8371e1##system/lib64/libsensorservice.so
6ae5b142005f151a9afce966a9a3f02e##system/lib64/libjni_pacprocessor.so
3802d836eb46612950cf76dec71f7658##system/lib64/libstagefright_soft_rawdec.so
b500056816b82f1525e32669757f4629##system/lib64/libnl.so
35754e8c4ed4f0972b40b3296bf8dea1##system/lib64/libsoftkeymaster.so
cf1085d9b74907e50a25a8443fcaa0c0##system/lib64/libOpenSLES.so
52c1b9790c95df001675b39c724a6c9b##system/lib64/liblz4.so
9bde10c2e72aa31887360d0d8b64d15a##system/lib64/libopenjdk.so
73378c31e3a078534f22314ae5a19856##system/lib64/libart-compiler.so
6e39f1943a4dc6dc474208cbc01e264f##system/lib64/libappfuse_jni.so
68454a819fe28c138392f6406b43a642##system/lib64/libstagefright_soft_aacenc.so
941e868f2a6a4944cbe35e2ac95e7a9a##system/lib64/libtinyxml.so
3c97a48aa34191d59e8a0351785b3e61##system/lib64/libspeexresampler.so
209f5cc113fa4a44b6f083b5dedd48c9##system/lib64/libstagefright_soft_opusdec.so
a5211b3bee85cd36386a4203a6d0f460##system/lib64/libRSDriver.so
6589331843f7148e560eb3164c022798##system/lib64/libGLESv2.so
674ee88fde6c1e971f74c322a229bb13##system/lib64/crtbegin_so.o
42d485aab6059c21e09734c00acaf9c8##system/lib64/libext4_utils.so
2fb3043d7548f6d85e3ddab3f90ab294##system/lib64/libsuspend.so
4c257d84993db985ccc02447d6c8cdb1##system/lib64/libwebviewchromium_plat_support.so
3316825fe107fa2beeba49d582b02a8a##system/lib64/libart-disassembler.so
e174affdef9216edb6e73921c8656388##system/lib64/libmemtrack.so
5c957feebee2c60454b5e86ca3cab2a8##system/lib64/libstagefright_soft_vorbisdec.so
e2e4f78d5666effc52b5131d483b8b84##system/lib64/liblogwrap.so
7fd2a15c6ced2bdf0a82f6db8b41639b##system/lib64/libsigchain.so
ac7b080cad2000d593b9204cbe8ae0bd##system/lib64/libext2_e2p.so
262d716d29b1eedb36627d1b0b36dcd0##system/lib64/libsonivox.so
920913fd645d75241b78cd7f3823a7bf##system/lib64/libext2fs.so
7e6a847173c29fcd5f7f8cdaff73ae77##system/lib64/libsync.so
848c1a1efed31336a42d6fe6c462adeb##system/lib64/libsysutils.so
23924ebc5bdff6f6162f40d118d7bfde##system/lib64/libaudio-resampler.so
304f3d70d29c584724ed0fb3a4755a28##system/lib64/liblog.so
777ab73ea33412aaa7580f8a0ea01f36##system/lib64/libnetutils.so
128d03ce3513b30fd46133bc0d37cc2b##system/lib64/libstagefright_soft_mpeg2dec.so
f14fea4f92317c8b21010f4441ab3d05##system/lib64/libstagefright_omx.so
cb0949c0548f60c34ff01d1b2bea5a3f##system/lib64/libsurfaceflinger.so
5d1eb441349320cfcf58f4d103df6dc9##system/lib64/libnbaio.so
da029a79cba0e807abc4b77022de22fd##system/lib64/libstagefright_avc_common.so
0bf3d56893c2b4a3be8c1a5d1d0ea499##system/lib64/libz.so
d7012fbfdd39663f964215db5d57e1f6##system/lib64/libalsautils.so
0538671ed747f6b931312ad89589ce91##system/lib64/libtinycompress.so
9142bc1dc685febd09d626f054652724##system/lib64/libfilterpack_imageproc.so
65e7be9a6ccaaea0597ea3cf30cd4899##system/lib64/libaudiopolicyservice.so
a1f8569a5b6d1d2d51adf9fa97fa12e5##system/lib64/libstagefright_soft_amrdec.so
b3506900907eaa1c118312b2f4f1b790##system/lib64/libwilhelm.so
b9e3b168cae828d0327303bb9891241d##system/lib64/libmedia_jni.so
92cdeb2ec79c30d4a5ca9ece88b65c6f##system/lib64/libstagefright_enc_common.so
08478c00cc876628f12699d469a7e507##system/lib64/libdefcontainer_jni.so
404dcd5ae7c1ac248e3488ee725438e9##system/lib64/librtp_jni.so
5cc107af9b3c536db1710983c7f60545##system/lib64/libprotobuf-cpp-lite.so
9f6e6ddebecbe84b3bdc1da0b204ddb7##system/lib64/libLLVM.so
a5c92bbd20e18f5e55e7b4e3d9f3cd91##system/lib64/libvorbisidec.so
672438475a2c607ef870604d2571f57e##system/lib64/libbinder.so
3dd4be8ef05647961d574f25b158e5ea##system/lib64/libaudioeffect_jni.so
90bfd036d5ba35a0da310fde7eb26899##system/lib64/libpixelflinger.so
9ec82a8dd232e0e6686e17c8a83b2ba6##system/lib64/libhardware_legacy.so
f030df22281e45e25b855d5dcd95b083##system/lib64/libstagefright_http_support.so
e07d999a3e0a1390a9ba1af476848173##system/lib64/libandroid_servers.so
bc0e4d7781b4369e871fccae57dd9705##system/lib64/libwifi-service.so
959c934db020e2f087b9e21f37ddf73b##system/lib64/libm.so
27b8d22d00f8f7509d76348050e0b9c9##system/lib64/libnativehelper.so
d9886d04faaab0ccebf98123eca7028b##system/lib64/libnfc_ndef.so
b95850d001f9aae71ff4b77e8a805e98##system/lib64/libRSCpuRef.so
ce668232e6f245d935518c59b79136c3##system/lib64/libwpa_client.so
9777808ebd4fc8445028a8d0cdb9b4e1##system/lib64/libicui18n.so
011799d4e25c295cb8354f276e707907##system/lib64/libjnigraphics.so
818b236a0675ac1c83897b75f92a7fe7##system/lib64/libsoundtrigger.so
ca14a1c586a81eb6de0fb56f1f801824##system/lib64/libbase.so
b4ea4e9fc3020ede6d6e64219e46e6a7##system/lib64/libinputflinger.so
9c9429c43e893ea6bfb3de634d2c92da##system/lib64/libpiex.so
1f36c6622c27c9fb42d6490f8d1eabb2##system/lib64/libclcore_debug.bc
967d4ea815fad4c8379e91454401a38d##system/lib64/libwebrtc_audio_preprocessing.so
ddb1775e9773e539c642b5d1d1cf1a47##system/lib64/libhardware.so
f0264c646b5ec7bff27e5deb08cbf5d3##system/lib64/libstagefright_amrnb_common.so
088744b8e324bd6df84e97687925bfe5##system/lib64/libstagefright.so
ea19917740c3a6a7f146f7b74c08b8b0##system/lib64/libEGL.so
c825fe3efcb01bdf33dd34c63361a1c9##system/lib64/libstagefright_soft_amrnbenc.so
916afc4b12e575937f0cd32899c1f161##system/lib64/soundfx/libreverbwrapper.so
73a5f2a1ab03a99ab899545fe6b4f35a##system/lib64/soundfx/libdownmix.so
845b2f341d05dbf0b2b20727eab19c5c##system/lib64/soundfx/libvisualizer.so
1ca4db529c100ea0342319ba3c840414##system/lib64/soundfx/libldnhncr.so
33ff4a21ce56f800da4d347683aa65a1##system/lib64/soundfx/libbundlewrapper.so
da61e090892eb8207f9830eb66a0c48d##system/lib64/soundfx/libeffectproxy.so
ccb77cd77289829f631bb4d6475b819d##system/lib64/soundfx/libaudiopreprocessing.so
ad3e4b314a0024026cb18dd174c332a7##system/lib64/libfs_mgr.so
d7e90e344da649d29e0d333b21fb1727##system/lib64/librilutils.so
1f68bba1f0d969f19ff87db4b0d54ddc##system/lib64/libaudiospdif.so
77ea317426ad1f1fc7546f8d53d26882##system/lib64/libstagefright_soft_mpeg4dec.so
17b0ae83bc0e6ec6b090f7d17cfdf287##system/lib64/libext2_quota.so
cbbc26744eb93e152a382850972f3840##system/lib64/libcompiler_rt.so
85d8a80c5888e98ff3d7e8107ec4761a##system/lib64/libpdfium.so
108bcb6f3ed9c5fac4988850b70040e1##system/lib64/libserviceutility.so
7a951d69078c0a2bc4d2e6f838588abc##system/lib64/libskia.so
e2dd7fd93655e320abe60a38c582399e##system/lib64/libimage_type_recognition.so
f4633f42aaab3e5fe0520e8e2a3c5a7d##system/lib64/libdrmframework_jni.so
c77d6fcea7f5aa331e396bd25d6a0c5d##system/lib64/libdiskconfig.so
5c85489a6158c8e815b9553903980bac##system/lib64/libicuuc.so
76a3b31018da09a2fab922e3ea5dda7e##system/lib64/libvulkan.so
249634f9c9725691c83852ea63f2943a##system/lib64/libstagefright_soft_avcdec.so
749a608b6ba0f212696139ee54dae75e##system/lib64/libstagefright_yuv.so
361ad4f4997c5d860c7b6b6291107502##system/lib64/libclcore.bc
e7150232fb32d2dc95496ed503504ed4##system/lib64/libpng.so
74752304926951e08b76f2962f101275##system/lib64/libstagefright_soft_flacenc.so
eefce77c500f87895ac9537ca5ea9fea##system/lib64/libinputservice.so
dc64a76d29cb6ee2b835a7e99c09f422##system/lib64/libmediatek_exceptionlog.so
7a56c31250e16a13610e97f470bd438c##system/lib64/libdcfdecoderjni.so
ff7c60f8a913c07c83765a2539218e58##system/lib64/libbcc.so
c8a2e5c35aa762c88c8b0e05a552ce62##system/lib64/libunwind.so
62ea076e204538d035d1af6db50780ca##system/lib64/libFFTEm.so
25cd230f42588685f05faba3542e2a60##system/lib64/libstagefright_soft_avcenc.so
2e4a7f23ff759153af0629e99f205ca5##system/lib64/libmedia.so
779bfb5f45842b39d93d0b65d0ccba56##system/lib64/libcamera_metadata.so
265104a1e9e2905072a4b2f6d0fe9f0c##system/lib64/libart.so
a4b8214c8edbbe1f80dcf26038a8538a##system/lib64/libext2_profile.so
cdcfa97fca237355837b1823944d8030##system/lib64/libsparse.so
4f7bf10199a1936306d37706adf22823##system/lib64/libgabi++.so
82242e2c83ee4d1d420712528a25a967##system/lib64/libblas.so
6659588091228466a0f38061fb4aea1c##system/lib64/libusbhost.so
43b75f0d8e1cb5ce79d488610a22e5fa##system/lib64/libRScpp.so
df1d1ebab80ed8439a67eadb47da9699##system/build.prop
093ef2fad5460a97f4ba318f5119afa6##system/tts/lang_pico/es-ES_zl0_sg.bin
c1c2ede6a852afc9b2caeeed1c80d5ac##system/tts/lang_pico/en-GB_kh0_sg.bin
aa062adee87994b82d41ef209e628db6##system/tts/lang_pico/en-US_ta.bin
0b6ced13514c37de3d45d1e6ac6bc1a9##system/tts/lang_pico/it-IT_ta.bin
9ca3a4177cdc643c432bcfc3198fad45##system/tts/lang_pico/en-US_lh0_sg.bin
69d0acdc3f51506b58533c81b7a5c68f##system/tts/lang_pico/es-ES_ta.bin
2f08587e79200e95210b05e75b7c1c1e##system/tts/lang_pico/fr-FR_nk0_sg.bin
30269c43b1a67bc499f300c2c68ca343##system/tts/lang_pico/fr-FR_ta.bin
29291a92aa9982edbb9378debd4de736##system/tts/lang_pico/it-IT_cm0_sg.bin
b48d6772344d84bb8c1534713d88bc87##system/tts/lang_pico/en-GB_ta.bin
ebecee91f2d87e05fe67927403080468##system/tts/lang_pico/de-DE_ta.bin
9f143c7d101bd09c8f7c74ecc6fc79af##system/tts/lang_pico/de-DE_gl0_sg.bin
4f0ca2a4cca5d353b0e4a4c104be9cc4##system/fake-libs64/libart.so
b9624fb11dd9027dc616dce9b28f1150##system/priv-app/Settings/Settings.apk
d70d74e634356404b563ab8a096dccb6##system/priv-app/DownloadProvider/DownloadProvider.apk
82974c79943b453a8cb3d3b06800b7e2##system/priv-app/ExtServices/ExtServices.apk
9f35b48a06fd8d21411e370debe73800##system/priv-app/ProxyHandler/ProxyHandler.apk
c96b3b2d64c9d0d9ba7c3c89bc72365e##system/priv-app/CallLogBackup/CallLogBackup.apk
4bbf0f8c5062d2874e5b1c9240cfe7fe##system/priv-app/BackupRestoreConfirmation/BackupRestoreConfirmation.apk
58232332ea49aafef54331d1e3981843##system/priv-app/SharedStorageBackup/SharedStorageBackup.apk
54a0413fbb41c424bc384d4753badc3e##system/priv-app/FusedLocation/FusedLocation.apk
7e0387eaf52138208b3a4949f9bc09e2##system/priv-app/MtpDocumentsProvider/MtpDocumentsProvider.apk
b9bb7bb4167f7b68b0cc5c8ba8aa0b75##system/priv-app/Shell/Shell.apk
676aae3c6af3f667a8353da630309a9a##system/priv-app/DefaultContainerService/DefaultContainerService.apk
489ce68b21dedc7b6f618ec0d00f0050##system/priv-app/MediaProvider/MediaProvider.apk
cd600dc789199201545ed71aac4cf99e##system/priv-app/BBKStressTest/BBKStressTest.apk
fe0851c983bc5a83c80e3e44f0f9034a##system/priv-app/DocumentsUI/DocumentsUI.apk
40d7b34e8d5aeec991b17a1b946d2d75##system/priv-app/TeleService/TeleService.apk
0457b01fb48cb2f304f5c8adeecb90f9##system/priv-app/ContactsProvider/ContactsProvider.apk
bf29e86dabc6ce936bec42d1012aae0e##system/priv-app/MmsService/MmsService.apk
d4a94d73eb3ebb193aed39a4b15a6201##system/priv-app/SystemUI/SystemUI.apk
772028ca9998d6e61f81c535acf3f7b0##system/priv-app/BlockedNumberProvider/BlockedNumberProvider.apk
7ea7e0582926e633b7b259ba64a1baf3##system/priv-app/ManagedProvisioning/ManagedProvisioning.apk
df8a1054df6cd30d283a0636a8f8896e##system/priv-app/WallpaperCropper/WallpaperCropper.apk
c27fea8561b0d51cd84688325a51519a##system/priv-app/InputDevices/InputDevices.apk
a2cfd14c0badd8f03a757cbe7f54b611##system/priv-app/Telecom/Telecom.apk
083e98d856b82bd88da8b2b53d3c3785##system/priv-app/CtsShimPrivPrebuilt/CtsShimPrivPrebuilt.apk
4e69712ebb782d1d8940b01a94bff93b##system/priv-app/VpnDialogs/VpnDialogs.apk
1f1bb262a5d9998d602bd8551e11e9c0##system/priv-app/CalendarProvider/CalendarProvider.apk
d1fababaf4003bdf78d56f0ce7943bfc##system/priv-app/Provision/Provision.apk
fdf4a911c64785d3f4fe193cce0cc382##system/priv-app/ExternalStorageProvider/ExternalStorageProvider.apk
d02bd621bf90180ed747ce10e017d92a##system/priv-app/SettingsProvider/SettingsProvider.apk
661894e6741139317b35568d0103c195##system/priv-app/BBKPackageInstaller/BBKPackageInstaller.apk
6e164622e2f5bfe0a4a2f4b111330424##system/priv-app/CarrierConfig/CarrierConfig.apk
762fd93f4c42760c09de2d655b7bd088##system/priv-app/OneTimeInitializer/OneTimeInitializer.apk
050cf812cd318956354760805b7d5d6d##system/priv-app/StatementService/StatementService.apk
eb9d7387ffeaf49e61791342eb4b7cc9##system/fake-libs/libart.so
0008b24b92bb2d9e4c891cb4a7a7ef3c##system/vendor/firmware/rgx.fw.signed.e1
5ad5a368b0dcdf97216f241ee055afc7##system/vendor/firmware/WIFI_RAM_CODE_8167
0f2a521047a5e7590e9667e3ee690782##system/vendor/firmware/ROMv2_lm_patch_1_0_hdr.bin
a2c3ed9fcdd2dc3d430cadbb49695026##system/vendor/firmware/ROMv2_lm_patch_1_1_hdr.bin
f9fb3d6e2124be2e3a410f5c4024e36a##system/vendor/firmware/WMT_SOC.cfg
5b7dab970b36864bd8340bc04715d796##system/vendor/firmware/rgx.fw.signed
7cb0cdf63adb7af754653f467c55e7ff##system/vendor/bin/aee
e192a61997be71fd134692fce61543f6##system/vendor/bin/tiny_mkswap
655b58f995c545c0bb7846d88c000ad9##system/vendor/bin/ged_srv
c5e491cfddd4e9b1e39153065d6057b0##system/vendor/bin/eebbk_backup_restore
09b8a922d992d889e181592a2831a956##system/vendor/bin/wmt_loopback
6ff877674be021ef738259e59ecdac50##system/vendor/bin/netdiag
d4f796ae070a8468d27547930d273f95##system/vendor/bin/MtkCodecService
01db4f5ac73cd48bb41aa216aa573ba7##system/vendor/bin/mobile_log_d
fc933bf0c069d696f376a60a975dcd1d##system/vendor/bin/superumount
bd37d4cda8a1391b4cfd1e6d607e5679##system/vendor/bin/dhcp6s
067a4d147a3c2c6d42cfdfbae5fbbd90##system/vendor/bin/s62xd
b732fb007be20c3ebae33b1ef060cffa##system/vendor/bin/wifi2agps
42310f61cd7fde62cad9f109cfb5c9dd##system/vendor/bin/wmt_launcher
06ff25726ff7e68e781c1fdd132ff705##system/vendor/bin/terservice
1d6dfba4f9cf7074c01c507d11c7524f##system/vendor/bin/bmm050d
5a1ebc0aab3501ec48b0eadecec677ad##system/vendor/bin/memorydumper
459ab65321f09ca5ac0632ecf3b5e24d##system/vendor/bin/perf_native_test
81fbfaaf0187eee1ceac11ac19de20a3##system/vendor/bin/emmc.bin
f16ed4858b21d37abee057d34fc2c393##system/vendor/bin/wfca
f77c582ee02eccdfd855fcfeba34d50d##system/vendor/bin/program_binary_service
8933eceff271eeaa70746885ef3174f0##system/vendor/bin/rtt
6f9c2e4fcb570dfb54f40ea95f04af30##system/vendor/bin/slpd
b2c9565b78676c56ef7443c793187712##system/vendor/bin/batterywarning
86f0956c5e8b189ba1f4209351cb87a8##system/vendor/bin/muxreport
7b9ce1ac705251b0bd4ad8c32a4ac2a1##system/vendor/bin/factory
2857ef4d8d9163d45b45dce72e953deb##system/vendor/bin/meta_tst
0738bd88ad10d48d0251e129a5519f35##system/vendor/bin/atcid
389d96f8732dd2698a30ed4ba4407324##system/vendor/bin/aee_dumpstate
a99658f5cb906ed70c41287553a65920##system/vendor/bin/wmt_concurrency
0370588aca4303027e1be72dc70455c0##system/vendor/bin/rpmb_svc
5ba3c21d2463b4238b2d03c9f6259b6e##system/vendor/bin/dmlog
ee3cfeaf3ae687aab7fd6aae13ee7ff5##system/vendor/bin/connect_wifi_mtk.sh
17fc9189a1c6d3b865294c0182246b92##system/vendor/bin/lcdc_screen_cap
6455bcf40573ece4dc6aea66b263aace##system/vendor/bin/thermal_manager
116f5ca987ad3c248cfded39d8353045##system/vendor/bin/autobt
6d102991a4d64c8eb8e4a9b2cbf780bf##system/vendor/bin/stp_dump3
6128bf1e0dcfc636ec915528b0d98443##system/vendor/bin/downloader
f0d43513207b142436629ddf044346e1##system/vendor/bin/magd
9eba238f35730128995a04fef1fc127c##system/vendor/bin/radvd
9139c2be03b6e37fefe922563b2f1ab0##system/vendor/bin/XoSetCap
5c9a39fb8c7bcfc6228ac99fb99f5563##system/vendor/bin/dm_agent_binder
bc9ab2c128033ec77a3e1d9137b473f9##system/vendor/bin/aee_archive
826c868e555a2cb93ef9163242299ac0##system/vendor/bin/tiny_swapon
137ae6d51d06d88d98891ab46f2dbbbb##system/vendor/bin/autokd
9bd91f37ce12a24ff03aa7b8a9405ba8##system/vendor/bin/msensord
628ffb6568f5b22f551acb98082e732a##system/vendor/bin/lsm303md
4e8999cd508d96b2f67e89c740998f81##system/vendor/bin/epdg_wod
d3468ea92191cb78aa44f03979f9e2cc##system/vendor/bin/tertestclient
b075cf8b6de4fac46d574fc423ead007##system/vendor/bin/dhcp6c
f0b45a915310459f59c3eca3fae9b49c##system/vendor/bin/md_ctrl
ac8e6815ac43f2a61b88022eae5a3089##system/vendor/bin/akmd8975
3c6363923b32b09333194031e5ca0722##system/vendor/bin/ccci_mdinit
29fdd83782ffef7e35cd6f4d31cdb1b1##system/vendor/bin/wifitesttool
ef301985ab00c9b3c91c71840ed7faf3##system/vendor/bin/nvram_daemon
2a9c14e54c6806778c418025b5a23948##system/vendor/bin/gsm0710muxd
36a9fe0dc779396ff5abce99d59ecb17##system/vendor/bin/fsck_msdos_mtk
38f88b025f531386a76826f2cccd71c2##system/vendor/bin/rilproxy
d00073972a78d68a4b281f4994312929##system/vendor/bin/thermald
e560db231209eb9e5b42a357719538a4##system/vendor/bin/memsicd
e3bda797a60cfa2c69a5f22c9e087037##system/vendor/bin/thermalindicator
5ed2d805a453c8cacb12f6fc43ec8b3b##system/vendor/bin/program_binary_builder
7b41d724a6c39d2d684854d24fa97f43##system/vendor/bin/akmd09911
3b467a59db1533cbc9efc5633b99a158##system/vendor/bin/matv
296613aa78adf1b21c63cb211bb07cf9##system/vendor/bin/sn
6761af617e2b34f460345de65f073592##system/vendor/bin/ami304d
5872de7bbbb8fdcc228311f0dff4fa7d##system/vendor/bin/memsicd3416x
b46b7a41895f44be5266be3f3c4debe4##system/vendor/bin/wmt_loader
0615d93f618750a5a2a292316d3e8b53##system/vendor/bin/mtkrild
73d8e9d2253bf9d5690809963cf93d87##system/vendor/bin/pq
33a9c0d33ef3a7d5448f1afb38d418a4##system/vendor/bin/nvram_agent_binder
51b7d036b262b9eadc268dc2a72a8e84##system/vendor/bin/kpoc_charger
79edb0dbe7958735be52e6b5a4def606##system/vendor/bin/akmd8963
03d541110f30a61689160afcb008aa75##system/vendor/bin/orientationd
ed6332bfe62ad5de278443383d423a18##system/vendor/bin/resize_ext4
170eb3dfc019297b14a7480d9df591a1##system/vendor/bin/aee_core_forwarder
22a7d27e7c23975f41b06a0257d938ee##system/vendor/bin/boot_logo_updater
fc304044f2540d20ad2fb3e38733121c##system/vendor/bin/atci_service
396d4d6eca5075c5701e8331ea8877a2##system/vendor/bin/tiny_swapoff
32ae3eabb57518265dc65424ac7cccb9##system/vendor/bin/vtservice
10e61ff7a963bfaca73f1eb8449acadb##system/vendor/bin/dhcp6ctl
80e173644c69c9341315ff965ba8c9dc##system/vendor/bin/mc6420d
76c3d1869777673545943d18db6e9b25##system/vendor/bin/kisd
8ee55f5dbd9bbb4f12c1b59bbe5c28c3##system/vendor/bin/mmc_ffu
8029ed5496e89e43d485f4445f63782f##system/vendor/bin/audiocmdservice_atci
535708c10759ca5f110c708dc1fa2d3b##system/vendor/bin/thermal
7882154eed507b27cecf235994c61bbb##system/vendor/bin/ccci_fsd
971f4244cf6587b21ab71125191c2b70##system/vendor/bin/geomagneticd
285e2af9ce22cce2c71f454ea6b28b0b##system/vendor/framework/mediatek-res/mediatek-res.apk
f46468caac56e7ecd1fe9f6167f1c6a7##system/vendor/framework/CustomPropInterface.jar
bca024812b436a03c0aaeeb00e31d8da##system/vendor/dataapp/MathAnimation.apk
d85b0c53ad7f987b8cf5a92d2d230ed3##system/vendor/dataapp/LGFunPlus.apk
21c78fee8a00ae834375402ddf776ec0##system/vendor/dataapp/HZ_GeniusShizi.apk
92883c3ae1b9b08b664b80b5bc52b644##system/vendor/dataapp/Dictation.apk
ad8c08bd5f426e959df3906ef1e96bcb##system/vendor/dataapp/OneSearch.apk
a1ec0997cb2f6b41147b8a06ad8405f5##system/vendor/dataapp/ENMergeGames.apk
559b4716740d20368c943582944cb681##system/vendor/dataapp/ENOlaWordCard.apk
2a4dde80a3b4f697709b2e52fdf1bfbc##system/vendor/dataapp/PY_GeniusPinyin.apk
2da5b0202bdfecc403a71d06a6b9981f##system/vendor/dataapp/LGSubstractProtectWar.apk
6645199cb50abc4853221510713e9ffa##system/vendor/dataapp/PrimaryListen.apk
7c086634f4b06bff2d9ecb835104f421##system/vendor/dataapp/HanziLearning.apk
e8014ff34a35aaf3fc9f4c3b23a7eefa##system/vendor/dataapp/LGTrain.apk
4a34d5f768bf6149b5bcf58c8af0234d##system/vendor/dataapp/AncientProse.apk
f8383b6bdb4cef9e0f876364c4de2bd1##system/vendor/dataapp/RelaxedTheme.apk
ea22543ed50af14f59714d3e47b9e41b##system/vendor/dataapp/LGTangram.apk
8299037708db36c5257a9c45b67d62ed##system/vendor/dataapp/ENPractiseABC.apk
b430b82cb44c4966686d2c41ec5a1bb9##system/vendor/dataapp/XTCFlash.apk
eada5c1fffb3554f5afc67d8d55c2593##system/vendor/dataapp/ENABC.apk
3f4c3be95c7218fa56e6b9f22a34af54##system/vendor/dataapp/Translation.apk
000171142b78c7b682cc2e18d749d201##system/vendor/dataapp/recitewords.apk
e6580972471ab7e1ee061e2d83369515##system/vendor/plugin/DataProtection/DataProtection.mpinfo
82162213706954a1c7e3f6be31c1b68c##system/vendor/plugin/DataProtection/DataProtection.apk
fc4c10978a8555df54afa3ec77ddbe95##system/vendor/plugin/Signatures/mplugin_guard.xml
15235ff098deb54e86db6d5f1dbc63ba##system/vendor/plugin/FwkPlugin/FwkPlugin.apk
9e66849da264370d836fc8215b239458##system/vendor/plugin/FwkPlugin/FwkPlugin.mpinfo
c65eb48173634236ce9cd18c39348158##system/vendor/res/images/lcd_test_00.png
da41b6d428566ba748ca364b458ef357##system/vendor/res/images/lcd_test_01.png
58d42415741faf28aa8a42ead7abf371##system/vendor/res/images/lcd_test_02.png
377df251200b548f018c71680241fece##system/vendor/res/sound/ringtone.wav
b4370f8dc446e1acd3c514535f841abe##system/vendor/res/sound/ringtone_left.wav
d809ba6311bd2596c02f0e3d1b9d9d0d##system/vendor/res/sound/ringtone_right.wav
e71f174d5c353e71455eab7c3b31a2f9##system/vendor/res/sound/testpattern1.wav
eb11465619041670a4d01f6c012c2c1a##system/vendor/lib64/libem_modem_jni.so
d122b423a5f2647110fc3b47d93d181c##system/vendor/lib64/libem_bt_jni.so
239955e4d4025809114b8ab8ed443b17##system/vendor/lib64/libwifitest.so
787fc0c5c7a2d49d21ba80fe248ff009##system/vendor/lib64/libcam3_app.so
eee6c0ba9abb48fdb0474753db8fa172##system/vendor/lib64/libcam.exif.so
b5cf80cd7908f53a554f078a5650139c##system/vendor/lib64/libsource.so
a16095b8e40d304996c40b4b741e6174##system/vendor/lib64/libPQDCjni.so
862aab537b5eb5f8758f96d8a766d43a##system/vendor/lib64/libmtk_drvb.so
198440a5d6238ed600ea4f81db38d09e##system/vendor/lib64/libcamdrv_FrmB.so
56f5911317f88cfeb57948b7ab3d9f46##system/vendor/lib64/libbessound_hd_mtk.so
b5cd6cc560575443728f29acfd9406a3##system/vendor/lib64/libfmjni.so
faa27c79b6775ae56c32205654734f30##system/vendor/lib64/libcam_mmp.so
21f8ae73f9bc87f64232accf6d2c0995##system/vendor/lib64/libcam.device3.so
1eaafc33f02a0483eda45ed03b1136da##system/vendor/lib64/libnvramagentclient.so
809b10b2e45febe2b317f13ae92f9747##system/vendor/lib64/libcam.campipe.so
acf7074f08b2910741a27a66e2521507##system/vendor/lib64/volte_imsm.so
e0b097953776256281ce4a70dc3e6d04##system/vendor/lib64/libem_wifi_jni.so
c621ae5dca5388d3c8a04f8012b7da2a##system/vendor/lib64/libsysenv.so
f6319c7654c1e99209c25502968e4d94##system/vendor/lib64/libMtkOmxCore.so
00a27182f8b8ad02d67cd504439b199e##system/vendor/lib64/libyv12util.so
5525d378dc4fcbad47dac134c08cced2##system/vendor/lib64/lib3a.so
fbcf08adea8e40a5aaebd8a078f9bfbb##system/vendor/lib64/libmal_rilproxy.so
83b43d57d59687a9a770a1de7f49aec9##system/vendor/lib64/mtk-ril.so
23c16ab62af88983585e54e57b9e13ff##system/vendor/lib64/libmal_imsmngr.so
81bc43acf8e412cac5e9328cd58b386a##system/vendor/lib64/libusc.so
a639eb63b7abb733e90c802e39602a18##system/vendor/lib64/libcam_platform.so
5ead2ae5a71bc9ec330056c64aaee33f##system/vendor/lib64/libpq_prot.so
cc217b14602211557c180a45f60f0d2c##system/vendor/lib64/libpvrANDROID_WSEGL.so
d3fa6e7204a6159ac92bb2c12ec51093##system/vendor/lib64/libimageio_plat_drv_FrmB.so
4918ea1c76bcb02456242d9f6f94e600##system/vendor/lib64/libglslcompiler.so
3d48bd5c92d0ec08ad1d9e643fa0f815##system/vendor/lib64/libimageio_FrmB.so
2d3eaffe0e37f0ec7cf39d1ec86c2fa2##system/vendor/lib64/libcam_utils.so
d369f2a787881b5ef9a36b786427ea25##system/vendor/lib64/hw/keystore.mt8167.so
bc3195a129bcf66851e0221c241f2e15##system/vendor/lib64/hw/audio.r_submix.mt8167.so
928ca3c25d9f9c8771550042062c5bbd##system/vendor/lib64/hw/gatekeeper.mt8167.so
f63e138a8d608812b44130a9e3ace03c##system/vendor/lib64/hw/memtrack.mt8167.so
1b55ec41f9221c3c87fb7ab1b198a3bb##system/vendor/lib64/hw/sensors.mt8167.so
bd124b49d62330ff006aed34831296d4##system/vendor/lib64/hw/gralloc.mt8167.so
fcf086abe1cb8821ade8a089cf76e813##system/vendor/lib64/hw/camera.mt8167.so
73f4b578b919d85683efb745a3c158dc##system/vendor/lib64/hw/vulkan.mt8167.so
e1ce1c9e0ce42e631cc3e940dabd1774##system/vendor/lib64/hw/audio.usb.mt8167.so
9ab303121e804f0a7ebf1716f4e8550d##system/vendor/lib64/hw/hwcomposer.mt8167.so
e37818ff91e1715deadaa83bcb2d8129##system/vendor/lib64/hw/lights.mt8167.so
d63507ea61b6318450aa87154f0b488e##system/vendor/lib64/hw/audio.primary.mt8167.so
05c8975046d0bd3557b499819f9afdad##system/vendor/lib64/libcam.utils.so
4e2987ba52f4d4277596270cffc1ed16##system/vendor/lib64/libclangIMG.so
ee781a965c323cc82bbccdc31d975589##system/vendor/lib64/libblisrc.so
81b2f172877053ed0c906ddb10455a71##system/vendor/lib64/libhdrproc.so
de9667a30de468320f2ddc3b9f9e87d6##system/vendor/lib64/libperfservicenative.so
2a973ab7b58ebd63aa7d428f769265df##system/vendor/lib64/libmmprofile_jni.so
25b34b61b22e13c935103f5b6890a28f##system/vendor/lib64/libcam1_utils.so
2c2942d987e57f14d334b5efd4f58a15##system/vendor/lib64/libbluetooth_mtk.so
c92ed4e057ee5bed7858441e431f069c##system/vendor/lib64/egl/libEGL_mtk.so
82659784ef334e7001f77e9f35bd6a14##system/vendor/lib64/egl/libGLESv1_CM_mtk.so
5cf3485ac013bc3f4e4e1d2d838df73f##system/vendor/lib64/egl/libGLESv2_mtk.so
a8005a0ff2a6f16c73d9ca62d3e17caa##system/vendor/lib64/libgui_ext.so
e1f5bd3be658190a2e92081c0c9c28b3##system/vendor/lib64/libmatv_cust.so
180c7dcb5e3303b8ae731658711e32eb##system/vendor/lib64/libem_audio_jni.so
9a62f56b346d91a5a6cfbdb67292338a##system/vendor/lib64/libratconfig.so
36525b9044a1e9d7bdd8487bf1d70319##system/vendor/lib64/libcam.hal3a.v3.so
22cd7d2ae67a8922875dfe738422e39f##system/vendor/lib64/libbwc.so
763602a6bbc7a19d427e3824ff5e97dc##system/vendor/lib64/libcamalgo.so
e15e4595905928e0ea05556ac36e290e##system/vendor/lib64/libcam_hwutils.so
c521ebdae8169afc543dc0c8dff01f19##system/vendor/lib64/libnvram_sec.so
19a43f0f3eacb82e587397d48b5f1aac##system/vendor/lib64/libccci_util.so
9d77dfa6c38d0f0e12af333876efc467##system/vendor/lib64/libnvram_daemon_callback.so
e6d19224216a75a74fa2db2a607af636##system/vendor/lib64/librilmtk.so
625acb0ff0e7c8a4e262c03d7ad7fcc1##system/vendor/lib64/libminiui.so
db60342db821294a9ccdbc9e2c3c87db##system/vendor/lib64/libpqservice.so
e3053b6d447c2ea34dad2fbef5035553##system/vendor/lib64/libstagefrighthw.so
47b296d9e7621a56ede686fd30dd65f0##system/vendor/lib64/libem_usb_jni.so
76de90aa4fe3c49bf5a0d5e014f8d216##system/vendor/lib64/libcustom_jni.so
e4e173cf65437a7c74c94fe1b90244d8##system/vendor/lib64/libatvctrlservice.so
9f2343de44cdbc90f63a6405adad2b0d##system/vendor/lib64/libaudiocomponentengine.so
bcda61a3f17ebf186b8cad2de66a52de##system/vendor/lib64/libgpu_aux.so
21108bfef8d15d2e6feb51016d461fd7##system/vendor/lib64/libmal_simmngr.so
6cb27f863ca31cb74c1f136508ff576e##system/vendor/lib64/libnvram_platform.so
4f39094ef9bc15b7f4e8c8fc8c9bef88##system/vendor/lib64/libimageio_plat_drv.so
5531f9cdd36ca2eea14e3064dd55ea61##system/vendor/lib64/libm4u.so
8b238139c690e4cbb9b1589115a34f64##system/vendor/lib64/libacdk.so
20812316200e48ecc3cf7c61ea938bdc##system/vendor/lib64/libimageio.so
b560b8662f077ac9e80c6ac2dee30e7e##system/vendor/lib64/libimsma_socketwrapper.so
a01656562873c5ed8ebb6af88dfa4e08##system/vendor/lib64/libmtklimiter.so
08fb6a4aeac6f0f978c71cf1af281632##system/vendor/lib64/libbluetoothem_mtk.so
643b42481a308b4e49cc620748ed865a##system/vendor/lib64/libcam.utils.sensorlistener.so
61ae84a88712c86c5639d7a68b5085f2##system/vendor/lib64/libmemtrack_GL.so
67e1bd441d58156613a9e789dbf0cbd2##system/vendor/lib64/libcustom_nvram.so
17a07d5353bc2c173058edcbc7e191e3##system/vendor/lib64/libui_ext.so
e769aab6be2906d11d2f8fe5a1fac6e3##system/vendor/lib64/libsrv_um.so
4b2c293e27e6bbff7a646f46cfe193bb##system/vendor/lib64/libmal_rds.so
9b61a780d87409120dc9e07f379eac4d##system/vendor/lib64/libion_mtk.so
aa90f8569236e1f63947710cec410bb3##system/vendor/lib64/libcustom_prop.so
a531b633e6c45ea967620960a2c4689b##system/vendor/lib64/libcam.iopipe_FrmB.so
daa5d0debad4a4d5defd78734c604513##system/vendor/lib64/libbluetooth_relayer.so
e868bba3e6b95376b29836cd144f8ead##system/vendor/lib64/libmtkjpeg.so
35b5dd8b33ef60ae21af8ca8abdd646a##system/vendor/lib64/libudf.so
93d33cdcd704468a86e7c95a6924c749##system/vendor/lib64/libbluetooth_hw_test.so
ffde4c7c0703e5a5ab3b8af5937eb647##system/vendor/lib64/libcam3_hwnode.so
61710a70fb24aa6e81ba1f0d3d89c2ca##system/vendor/lib64/libaudiosetting.so
e500b65b21af2e74ca3a9aa6745cd1e0##system/vendor/lib64/mediadrm/libmockdrmcryptoplugin.so
d38d6a9ab4bdfe5b1f870a9f9cb96716##system/vendor/lib64/mediadrm/libdrmclearkeyplugin.so
a65bfa3d72e233aae928a9fd6f688fcd##system/vendor/lib64/libPVRScopeServices.so
79471e01ddffe6fe47ba283e6c1a835e##system/vendor/lib64/libmtk_vt_wrapper.so
d72c892ca58dbb9f6652d9625c76d9b7##system/vendor/lib64/libdrmmtkwhitelist.so
4e0af445c2b180fe43b7c2a151381723##system/vendor/lib64/libtz_uree.so
b4a05220be6fb1d55c3e8c5ba05be9d5##system/vendor/lib64/drm/libdrmctaplugin.so
7814a55b0fc20ad0ffd58f16379f2853##system/vendor/lib64/drm/libdrmmtkplugin.so
12158a5614e51d67890e2d8acaf0f9de##system/vendor/lib64/libcam.client.so
cce6413098dbd6b064db6da00317383a##system/vendor/lib64/libmtkplayer.so
c5c54d1db8cdbbe8cb059c411120333c##system/vendor/lib64/libblisrc32.so
67752003a12a546dc5f1b42eb3ac8204##system/vendor/lib64/libmsbc_mtk.so
ef55d1e4cc399ac3d19117283ae1f20c##system/vendor/lib64/libperfservice.so
55282f2b43c35591063bca2a1a0d8e47##system/vendor/lib64/libvcodec_cap.so
d7ba919473da80ae4eed4266b1b4b8bb##system/vendor/lib64/liburee_meta_drmkeyinstall_v2.so
25fd0cfd75a4e8de645ecc13d33a6a51##system/vendor/lib64/libcomutils.so
dcca9be935ff28ed7c3e36346404a28f##system/vendor/lib64/libatciserv_jni.so
9af569d11a93924ff9c735e9e0f8f572##system/vendor/lib64/libcam.camshot.so
855aeabd277c8847d0f609e6bc92d40f##system/vendor/lib64/libfeatureiodrv.so
e46742b850ecf45f6bf32026fb9e7e0a##system/vendor/lib64/libcam.iopipe.so
d10da6b0a224abdb153cd0fe06559801##system/vendor/lib64/libfeatureio.so
06e6a2eebb343bbe6017fdcbdaa46a80##system/vendor/lib64/libaudio_param_parser.so
2eea8fa5ba1a2d6b05b20a17a8c8e35e##system/vendor/lib64/libaudiotoolkit.so
e59ce773ef68abb27d47c38ebf184e91##system/vendor/lib64/libimsma_rtp.so
eaa623e92e0c2be1e3efc620c33f7a04##system/vendor/lib64/libfpspolicy.so
0b57b39cbe921e08384c1f17ea6faec5##system/vendor/lib64/libmal_mdmngr.so
7fd20503de212e57a7adfe72e6db2b24##system/vendor/lib64/libPVROCL.so
4475510791f3479a519b9af0674ada2e##system/vendor/lib64/libufwriter.so
15b05dd4af6d1d984d41cbe357504cb5##system/vendor/lib64/libcam.paramsmgr.so
2c9622a820eb8097e4b0479ac564522c##system/vendor/lib64/libdrmmtkutil.so
c883cf5f5b22928f0a65aedf73c6770f##system/vendor/lib64/lib_uree_mtk_video_secure_al.so
e1c09e8cbd9f20922d2442e2fbcf1661##system/vendor/lib64/libwidevinehdcpinfo.so
0bf06a9f369260416d4d59c898e50ca6##system/vendor/lib64/libcam.camadapter.so
e979677aff8b40b49d752d01a14b6eb8##system/vendor/lib64/libSwJpgCodec.so
1bc759a0f7218cf1310983fb8b26715f##system/vendor/lib64/libaudiocompensationfilter.so
724e6203528f0e550ac39627bb7e8267##system/vendor/lib64/libhwm.so
33ee80948e6e340cf82af42c11c5a896##system/vendor/lib64/libmemorydumper.so
4ab8e46c5c90d9ea1b99102f17ee02bd##system/vendor/lib64/libvcodec_utility.so
846d3780c639de2b1fd9c88879a88929##system/vendor/lib64/libbluetooth_mtk_pure.so
925a4479a674db7e59389a870d6f1028##system/vendor/lib64/libterservice.so
5e4c92907b166fca21806eda72a5c3da##system/vendor/lib64/libmtk_mmutils.so
8f4084f536aaeca373c2a532148fc712##system/vendor/lib64/libaudiodcrflt.so
abc122495602643ad55608239aded2d5##system/vendor/lib64/libem_sensor_jni.so
b6073a94bc1d944c10b34c4fe21e727b##system/vendor/lib64/libcam.device1.so
fdca70d5e0e23313441c6bbd621b77dc##system/vendor/lib64/libcam.exif.v3.so
d187c811f75abd414a0934d920e0ced2##system/vendor/lib64/libmal_epdga.so
194a5fe35a421d366b75cf6e17006fe1##system/vendor/lib64/mtk-rilproxy.so
23e16d1c4f04b6e6bc5c66b6a89212a0##system/vendor/lib64/libmrdump.so
c074b9637320741a9de4dbd0d675b673##system/vendor/lib64/libmmprofile.so
8901982b24da4b9f406fbae0f431455f##system/vendor/lib64/libcamdrv.so
3c612d624efd22648b853688b68b2cab##system/vendor/lib64/libjni_pq.so
7f831cae03e7eb62fa25188b8c1e1b87##system/vendor/lib64/libPQjni.so
766b824253329bdcea6f5997d700c307##system/vendor/lib64/libJpgEncPipe.so
4f5c17ac66aade003be876b4549cdcb6##system/vendor/lib64/libaed.so
46e3f8c8d295ce89200ceb8ed71574ff##system/vendor/lib64/libcam.hal3a.v3.dng.so
51c7268286a19b98b8c16c5916f50565##system/vendor/lib64/liblocSDK6c.so
f1ec3a74cb8d6c2f17d400253633df63##system/vendor/lib64/libnativecheck-jni.so
aaa416c85b019d6048263f0c84a565da##system/vendor/lib64/libnetworklocation.so
268c95ed034c4cbef6c866a13bae1133##system/vendor/lib64/librilproxy.so
eb77a1a428bcb58299d9ae75113a5574##system/vendor/lib64/libcam3_hwpipeline.so
7bef06b9d28e443c4c29ebf796053e2e##system/vendor/lib64/libOpenCL.so
8445eb6a9f9acc7e80d68baf50e9e939##system/vendor/lib64/libspeech_enh_lib.so
4afaf4a5c7b8a5b713f33c0eba2a72f8##system/vendor/lib64/libpq_cust.so
e319ae07f2564ec668532355e7f6db52##system/vendor/lib64/libGdmaScalerPipe.so
2057ea3c02d567f8ad9284643308539d##system/vendor/lib64/libcam.metadataprovider.so
e972610d8c23e89819b8aad5c71bf1c1##system/vendor/lib64/libcam.halsensor.so
f003185267d3902ce72dc78a67d3e04d##system/vendor/lib64/libnvram.so
4e801f3e60b1b61abd9ff260c204d67d##system/vendor/lib64/libmal_datamngr.so
7d279210d36e68e4a94b686a135ac29b##system/vendor/lib64/libcam.metadata.so
d82f76b654d928102338645ece06aabd##system/vendor/lib64/libMiraVision_jni.so
3099465e0c2e924d8ad3c620989f0991##system/vendor/lib64/libdirect-coredump.so
31f5097aa3f365751c9b7af8e4661972##system/vendor/lib64/libBnMtkCodec.so
57bd1eba9bdb23c01cc6cb885dafecf9##system/vendor/lib64/libvt_avsync.so
2d2e3db4fb73f855364a5e734a906a74##system/vendor/lib64/libgas.so
0fa094c9540d44da88830eac4e867a57##system/vendor/lib64/libcameracustom.so
e87c1e0e54319c87740e8655d4755255##system/vendor/lib64/libcam3_utils.so
671e6e0e7c6c6d13923da1c82f087223##system/vendor/lib64/libmtkcam_fwkutils.so
5868fe54629694041f6039633177b5a7##system/vendor/lib64/libtouchfilter.so
8c7f152c7b7a9980ec0090181bde5116##system/vendor/lib64/libfile_op.so
d31326a1edac8f972cc9f71df52081c9##system/vendor/lib64/librilproxyutils.so
6add4f3e352e946d84140d113f90c6b8##system/vendor/lib64/libimsma.so
4777dedf506cc5cc709e5e35d21dce6a##system/vendor/lib64/librrc.so
3ce54af540d9daf60196d5ef73a58377##system/vendor/lib64/libmal.so
b4a101146718094f2b63d8178b7560a9##system/vendor/lib64/libLLVMIMG.so
2318abb5828086c03b8f9697563cd1de##system/vendor/lib64/libmal_nwmngr.so
ae0406592aee69b244eb3d584be6af3c##system/vendor/lib64/liboclcompiler.so
3aaff159d94ad0e60913f38ea36bb251##system/vendor/lib64/libmhalImageCodec.so
db7705e57f47d77d4da906cf37e21ce7##system/vendor/lib64/libaudiocustparam.so
d3b1836b9f1b44dca93a3d5296d35a9f##system/vendor/lib64/libIMGegl.so
cc379f4e769b9469875071c6a3253447##system/vendor/lib64/libmdfx.so
dc47f6c3f36bd9d65d0738a20b198f6f##system/vendor/lib64/libem_support_jni.so
5840d4ac10db902be03dc4c4a518bcaa##system/vendor/lib64/libprogrambinary.so
ff57aa1293c5e7f25021419eec8cd1bf##system/vendor/lib64/libgralloc_extra.so
1a30bfdad3026170f67a5154b327b43f##system/vendor/lib64/libstagefright_hdcprx.so
68b97f1ce7f3be0e7f51f4fce6254606##system/vendor/lib64/libJpgDecPipe.so
e215e625dab37b851449de2be29c1c91##system/vendor/lib64/libsink.so
e20c09aba04de36226fb81599d258383##system/vendor/lib64/libcam3_pipeline.so
a650f8dd3746a5ed61f89bc1daae0d71##system/vendor/lib64/libmtkshifter.so
1acc98c37ee1d0b8ec739b2d8beb80ba##system/vendor/lib64/libged.so
ba1a8e20c85718d311ce00cf5de5c4cb##system/vendor/lib64/libem_lte_jni.so
1a96d128ac37f9d6a581a1bb79bf410b##system/vendor/lib64/libcvsd_mtk.so
3e62ee4591ac9128454897d9a018232d##system/vendor/lib64/libvcodecdrv.so
da4cd69c5c58ce087c47b7952f88c4ce##system/vendor/lib64/libdpframework.so
cca374c04e180372ffef9b58339e1479##system/vendor/operator/app/SuperCalculator.apk
abfcf8aca9c267d4d86630cf1763348a##system/vendor/priv-app/CDS_INFO/CDS_INFO.apk
b2eb19b5a66a72b1588c9b86e91dfa22##system/vendor/priv-app/Baidu_Location/Baidu_Location.apk
2e629974a2a1ca84ae23fb525e1f97f6##system/vendor/lib/libem_modem_jni.so
43d90a260ac7046eb20f29dfbf718f77##system/vendor/lib/libem_bt_jni.so
9697c0f87a3ba1df1b6b9520ac7202e9##system/vendor/lib/libwifitest.so
feb6230ead2815ae532ab5405d8ddf74##system/vendor/lib/libvoicerecognition.so
a007fd68270dbd01530f4d99e003f424##system/vendor/lib/libcam3_app.so
e5ba57c4829fc2a3079c0d29dbfd4089##system/vendor/lib/libbt-vendor.so
c066ce92f8b24bf5df229864e4eb23a0##system/vendor/lib/libcam.exif.so
a267340a9be691654f72e6be2c863b73##system/vendor/lib/libsource.so
100bfc784a59e625b559abdb80639469##system/vendor/lib/liblic_divx.so
c947423e29398965ccd1f7cbf91d8607##system/vendor/lib/libPQDCjni.so
e3b33d6d12a1e118df9e2055406413fd##system/vendor/lib/libmtk_drvb.so
1fe0b9ed621931d976f6db2517a1eae3##system/vendor/lib/libcamdrv_FrmB.so
51c9f1921310bb57b5c4fb7f0f3d2a5c##system/vendor/lib/libbessound_hd_mtk.so
ec64423e153a7eb88df508586c5868d2##system/vendor/lib/libfmjni.so
736c92de6a377713d5d82b5c39b5dcc6##system/vendor/lib/libcam_mmp.so
a5b282973e918e83e587d3fc0c62e2c9##system/vendor/lib/libcam.device3.so
422f6ea0fc6934a65a37c54932c06ded##system/vendor/lib/libnvramagentclient.so
c41fc1f5816fb4b67ed9a43740a00364##system/vendor/lib/libcam.campipe.so
da34e000ab1f4207a6cad3d6e2ffec13##system/vendor/lib/volte_imsm.so
680c9374d40dbbcfa7f6ab607e57c97c##system/vendor/lib/libem_wifi_jni.so
28dc3d18d45ee87882663efd89274c36##system/vendor/lib/libsysenv.so
b24fe5150c89411f3359bb902fd18a76##system/vendor/lib/libMtkOmxCore.so
256579598594f0267121f281ffa969ad##system/vendor/lib/libyv12util.so
15623572637d4de805566db920e2dacf##system/vendor/lib/lib3a.so
7587b76ba0620b988aae8b488f4bb05b##system/vendor/lib/libamrvt.so
11edc13473bacc094d9f942b8dbbb8b0##system/vendor/lib/libmtk_vt_utils.so
d00e919ebba10d0f13e00fd2cd250162##system/vendor/lib/libMtkOmxVenc.so
b14d6400d9555f042709e9de74e92f94##system/vendor/lib/libmal_rilproxy.so
02a03f2039244620d746e1c488da57a0##system/vendor/lib/mtk-ril.so
3657cd168342d95462f8e78aaa0210cd##system/vendor/lib/libmal_imsmngr.so
bbf5286eda3df3d9ecc9d5fa46b3f882##system/vendor/lib/libusc.so
b29ac680e5a35d9075202ee0b099df61##system/vendor/lib/libcam_platform.so
87f1cd7b7c7abc280ec176862323e0cb##system/vendor/lib/libpq_prot.so
b843921fa8b49971c8ff7cff6f2af4fe##system/vendor/lib/libpvrANDROID_WSEGL.so
75dab9ac3b9e079159786cbd7a80dc7a##system/vendor/lib/libimageio_plat_drv_FrmB.so
fe765003ca858274e7ef20f16ce29729##system/vendor/lib/libtimestretch.so
72b888b178b18ae79ed8f1e601ce9fcc##system/vendor/lib/libglslcompiler.so
54d3ab22da486ad6cd9ff4c7257ce93b##system/vendor/lib/libimageio_FrmB.so
c291e111718e545b45dd1eff30896c82##system/vendor/lib/libcam_utils.so
350d6b87d8f705b57fd6dfdeeddb5c48##system/vendor/lib/hw/keystore.mt8167.so
914573ec3538dc8ba61554307b11ccea##system/vendor/lib/hw/audio.r_submix.mt8167.so
a32343c8940b589ac54217cf3bad4c27##system/vendor/lib/hw/gatekeeper.mt8167.so
88f7201a6edca4f53d39f6c404e73cfa##system/vendor/lib/hw/memtrack.mt8167.so
ec8c6bb4aa716e40a5a3b2a094de5f80##system/vendor/lib/hw/sensors.mt8167.so
44de14b591c7466d059c9554757aeba6##system/vendor/lib/hw/gralloc.mt8167.so
2aa1d40435c1343099704a1877318c9c##system/vendor/lib/hw/camera.mt8167.so
feefbe02ee68ae15ca6260868db5962c##system/vendor/lib/hw/vulkan.mt8167.so
5486bfce222fec1ad4d214a66211a3c8##system/vendor/lib/hw/audio.usb.mt8167.so
2b230e783cba07b783ddb17bc9e30537##system/vendor/lib/hw/hwcomposer.mt8167.so
631343b229d25081c8fe4e31eb1132f6##system/vendor/lib/hw/lights.mt8167.so
ed82e13e5799fbe726be1e748329e5a0##system/vendor/lib/hw/audio.primary.mt8167.so
116938d9ac0a029a45ec8ca9b0372a54##system/vendor/lib/libcam.utils.so
4daad56a03c16819976aa78a8122657b##system/vendor/lib/libclangIMG.so
a005aed91f3a6c45e14ccd9be14d9174##system/vendor/lib/libamr_wrap.so
4bb70d7f0d9d21f01ee7ae8509d9f2b5##system/vendor/lib/libblisrc.so
2fe5515015096a427d665812699f34dc##system/vendor/lib/libhdrproc.so
5e00aff90db6a69c04efa5f31dc5de94##system/vendor/lib/libshowlogo.so
6bdd2bb896c82ccd2fd97078750162ae##system/vendor/lib/libperfservicenative.so
2877c5937b68f61b98e5e226ac369250##system/vendor/lib/libvt_custom.so
1b516df567b4622ee850249900517d41##system/vendor/lib/libmmprofile_jni.so
4844efc0089bff41613e12a611e108c6##system/vendor/lib/libvp9dec_sa.ca7.so
d146809f8c59cfa3ed103069c05ae6a7##system/vendor/lib/libcam1_utils.so
223c5c4fdc70f361fc14c90224ba6c94##system/vendor/lib/libawb_wrap.so
a6a21203c473402d638391fc09619a10##system/vendor/lib/libbluetooth_mtk.so
b495c2233716d2c1d6c4b78995a4a6f8##system/vendor/lib/egl/libEGL_mtk.so
c25befef36d21163e1a0591ccbf5cd61##system/vendor/lib/egl/egl.cfg
301f5d5ed454875b822535d3f9b14c9a##system/vendor/lib/egl/libGLESv1_CM_mtk.so
e30afda80729366550fcf41db8b51b0e##system/vendor/lib/egl/libGLESv2_mtk.so
0af134c15509a2289a256320c1f4a39c##system/vendor/lib/libMtkOmxMp3Dec.so
86ec78e7ca867e3616bfafe355847957##system/vendor/lib/libgui_ext.so
1923de784eb57eb83f2b2424fa414914##system/vendor/lib/libmatv_cust.so
da12f1fce112249abab4eeaa4230aeb0##system/vendor/lib/libMtkOmxGsmDec.so
6e90efc6490e12394d9562bdb62eccf7##system/vendor/lib/libem_audio_jni.so
7d135ccc51e79432ad373405207b8ff4##system/vendor/lib/libratconfig.so
f0d176c81453ce09c58029602e661e72##system/vendor/lib/libcam.hal3a.v3.so
bf0c9ded7184a9dc987dbb3017501c32##system/vendor/lib/libbwc.so
85ade1558132a76834db27776c8d80ee##system/vendor/lib/libcamalgo.so
b8362e9578f1c1460556cab0255c72ac##system/vendor/lib/libcam_hwutils.so
089f8f927f27631e3f407f10f4c6a9f6##system/vendor/lib/libnvram_sec.so
6f7a003aeb6949676622dea98293edc2##system/vendor/lib/libccci_util.so
f177b6e2b18ad6b63f4a6b70c14ed274##system/vendor/lib/libvt_socketbind.so
0195db3be6f2b2af82a8e0a06d73ae8a##system/vendor/lib/libnvram_daemon_callback.so
01391253f609c695ae822b490e195819##system/vendor/lib/librilmtk.so
42ad459528f5cd61e89227ef85e968ac##system/vendor/lib/libminiui.so
3856fcf30deb40409ff01a6d543b35d7##system/vendor/lib/libpqservice.so
1c1e56bc60dfadc1eca6fd62d8bc28b9##system/vendor/lib/libstagefrighthw.so
8322ef81c50563a1bcff65d78425701a##system/vendor/lib/libem_usb_jni.so
194c5ce87ec502b95fa8adc9fd5e1777##system/vendor/lib/libvp8enc_sa.ca7.so
a71fddcb907dfe3536e7ec01a582dd92##system/vendor/lib/libcustom_jni.so
9629347866cd8d357d5b180ba293eda7##system/vendor/lib/libatvctrlservice.so
42c6c86cf8fca8fc4b55fb010d71781d##system/vendor/lib/libstorage_otp.so
c382f7716b2a041a6bb23c0174add121##system/vendor/lib/libaudiocomponentengine.so
53500b8a28d226f5368db16294b0e730##system/vendor/lib/libgpu_aux.so
446adb58e44ed9f8ba53c1ad7db9777b##system/vendor/lib/libmal_simmngr.so
9a2aae0be42342244b81673e4080bb80##system/vendor/lib/libnvram_platform.so
0138838fc4fc13af82d02dde6129ac0e##system/vendor/lib/libimageio_plat_drv.so
c0cbe7d34fb3b372712526bb67c9b014##system/vendor/lib/libm4u.so
d6639d6544ea1de82ca2212171c919d7##system/vendor/lib/libacdk.so
3010110368bc29c7b39eaadd21731727##system/vendor/lib/libimageio.so
e051c43fa070a87a7b4ef0a08b133ac6##system/vendor/lib/libvcodec_oal.so
4de3826e54713cce45938b1b2045b4c1##system/vendor/lib/libimsma_socketwrapper.so
d567f89310aee9302062db82a2478e39##system/vendor/lib/libmtklimiter.so
dee88b0d5e25f1d387909bb465b10302##system/vendor/lib/libbluetoothem_mtk.so
776f92fcb3fff8046bce9345ce7578bf##system/vendor/lib/libcam.utils.sensorlistener.so
809b6fd0377b7406153910fb756edb1c##system/vendor/lib/libmp4enc_sa.ca7.so
f5a7abb346458409d9dea8f5653885cd##system/vendor/lib/libmemtrack_GL.so
39be084be730c42d8bc39049f5e7d3af##system/vendor/lib/libcustom_nvram.so
49077d06ec753645bf4c37ed652ca3c4##system/vendor/lib/libui_ext.so
b8ccac81fa82ce78a377bae3c7733b9d##system/vendor/lib/libsrv_um.so
16e64cb603af9da8cd6a33757f6adc32##system/vendor/lib/libmal_rds.so
38801b88ad19148bdacd763bae32f011##system/vendor/lib/libion_mtk.so
01726fb530ec9267d843b2305c111c3c##system/vendor/lib/libcustom_prop.so
cc1f095d45443f9ad201ce00d58de4b3##system/vendor/lib/libcam.iopipe_FrmB.so
9e141c1a93afa697359cb6c294c0a083##system/vendor/lib/libbluetooth_relayer.so
cdebfc0b97f69194d7bc6e3814682952##system/vendor/lib/libmtkjpeg.so
ae0848406ad188bfd8b92d936df92b22##system/vendor/lib/libMtkOmxVorbisEnc.so
cb55a6fb7a1852edcdabec87949117c8##system/vendor/lib/libudf.so
d2a846fb76b6c71060a0bc30ac6673ff##system/vendor/lib/libmtk_vt_swip.so
f09767f1c5e14a28518929988f4ac2f5##system/vendor/lib/libbluetooth_hw_test.so
b6cd42ed9c0209b9a0a7d9ecb0e71f51##system/vendor/lib/libcam3_hwnode.so
a56d508bca10132747a235a44017a0ee##system/vendor/lib/libaudiosetting.so
ed5fcb8db6e204df80cb518b13838b40##system/vendor/lib/mediadrm/libmockdrmcryptoplugin.so
920e344ef0ec571e3ae353016910c842##system/vendor/lib/mediadrm/libwvdrmengine.so
261c37576f2315ee35a709b66e56330d##system/vendor/lib/mediadrm/libdrmclearkeyplugin.so
8b7d988225a276d53dbb6c50b02bd30d##system/vendor/lib/libPVRScopeServices.so
5cc6b2fb8e4fc2b776d598aae6953556##system/vendor/lib/libmtk_vt_wrapper.so
ee65b6cc9681f29792e913b62de36b91##system/vendor/lib/libdrmmtkwhitelist.so
bc05537959dfbdaf898c65720fbdeb28##system/vendor/lib/libtz_uree.so
843d9b6239a60d5d4766ff7c31f801e9##system/vendor/lib/drm/libdrmctaplugin.so
0f7cadaf90f0f5490cd4951ed5c282ee##system/vendor/lib/drm/libdrmmtkplugin.so
95993dada7094fd103d985e8f5258bb0##system/vendor/lib/libcam.client.so
94546872f724465e4e0eb7dff0e33e11##system/vendor/lib/libmtkplayer.so
46ea3b45f1334ee13f56391365aba241##system/vendor/lib/libblisrc32.so
6c352a7357f8f4c4217458cdb599d46a##system/vendor/lib/libmsbc_mtk.so
4a11611e1df4416c15729dae5633db90##system/vendor/lib/libperfservice.so
71de9e9b52e780aab742e38772243bba##system/vendor/lib/libvcodec_cap.so
86732d686e3b418680064165ce4bec51##system/vendor/lib/liburee_meta_drmkeyinstall_v2.so
35ecd434dc02e1acef6970b6dcab0620##system/vendor/lib/libvc1dec_sa.ca7.so
9e8d2726e78fa0f0360b00aecc94e13e##system/vendor/lib/libcomutils.so
2eeae32b03f1c817bd58c94cc4edea04##system/vendor/lib/libatciserv_jni.so
0cdb2153222e1bcae8a3c4b9c8ab31a2##system/vendor/lib/libvoicerecognition_jni.so
be102a22770ca07f73bc612a3c800182##system/vendor/lib/libcam.camshot.so
30604ddf49b0579bf8afcb50fc6410d2##system/vendor/lib/libfeatureiodrv.so
7735ef6e3464bac543330c6aa9a0abcd##system/vendor/lib/libmmsdkservice.so
2490c6278ee0f38d98773005fb706b1a##system/vendor/lib/libvtmal.so
e6c7c03badc3773afb3afd71f966cfaf##system/vendor/lib/libcam.iopipe.so
f9332a62fb7d3f17fa8d18a02ad74afe##system/vendor/lib/libfeatureio.so
1b34e0e227ddfb42af5c0028e1a25cec##system/vendor/lib/libaudio_param_parser.so
312fcd34bfac806f9679b8548b6bdb35##system/vendor/lib/libaudiotoolkit.so
e63f2c7b4696ee35d4da29815910c887##system/vendor/lib/libimsma_rtp.so
7951cd1b070691bc20fb3f0b0004e252##system/vendor/lib/libfpspolicy.so
e65056758b5e911fe2e1ae140d457cbe##system/vendor/lib/liblic_s263.so
2f52b5aa6ebc87e95b8357d6ddd97567##system/vendor/lib/libmal_mdmngr.so
027bfdfe05c68a19391f0614cb1d8c32##system/vendor/lib/libPVROCL.so
778266a0b6618e08b541d17d105613d9##system/vendor/lib/libMtkOmxAdpcmEnc.so
8193851fb1c2bcf72529b57f33b98351##system/vendor/lib/libufwriter.so
d8ec455190ab3e97c86f95c25404e6a6##system/vendor/lib/libcam.paramsmgr.so
42d1da8d8eea90c0eca6d49946073fa7##system/vendor/lib/libdrmmtkutil.so
dd2511f1571a431e9c86a8f17b1ee0cb##system/vendor/lib/lib_uree_mtk_video_secure_al.so
9f9de78d0e4c4303d5ca494a446691c8##system/vendor/lib/libwidevinehdcpinfo.so
540fc5e1d3167e078106a07377d28d38##system/vendor/lib/libcam.camadapter.so
7724ab5c8ab79c5ad70903abacddf809##system/vendor/lib/libSwJpgCodec.so
4285a222764623280fd7fc387fe6fe2c##system/vendor/lib/libaudiocompensationfilter.so
b2f67efdfd2a354f1d53685c3da1a63b##system/vendor/lib/libhwm.so
bab0a84e3be80d03c888611f6105deae##system/vendor/lib/libMtkOmxAdpcmDec.so
01c1f42ccf5dfe5b6f95f60e28c6cc6d##system/vendor/lib/libmemorydumper.so
4b9d8fa80dffeefb6aa74ec6a551a746##system/vendor/lib/libvcodec_utility.so
a644740c9755f6a876f8c358e463d784##system/vendor/lib/libbluetooth_mtk_pure.so
d8846d1cfa487ef0ac6b0a224eb5ac8a##system/vendor/lib/libherope_sa.ca7.so
06a208b292227e9b446d4e0052ba99c5##system/vendor/lib/libmtk_mmutils.so
6c4b095e087ea1d147eef20ae02a0626##system/vendor/lib/libaudiodcrflt.so
13f0abe00d101f4cc0abbd7cbd02e221##system/vendor/lib/libem_sensor_jni.so
211c02b09b98b9352fc42ba941ee2193##system/vendor/lib/libcam.device1.so
580cf0ab8a10c8f8d57342100d7ed40f##system/vendor/lib/libcam.exif.v3.so
dc8c85cf78fbf11849f13f003e98da36##system/vendor/lib/libmal_epdga.so
59ddf4a538b8753084cac2e7a1e27f0d##system/vendor/lib/mtk-rilproxy.so
500001c7bea4c45c3ce2c5e266b9834a##system/vendor/lib/libmrdump.so
8e936e09fd3ae60345eef973c768c20b##system/vendor/lib/libmmprofile.so
ce1af498c5c21c8ae6ef9284327dfd60##system/vendor/lib/libcamdrv.so
8f9a079d1fd2ee687743eea7d6bd9eb0##system/vendor/lib/libjni_pq.so
48eb1705eba5d20153f787bd0195c6ff##system/vendor/lib/libPQjni.so
3f5d257f5c1b0d93911ff64aac6e88a0##system/vendor/lib/libJpgEncPipe.so
67ea3eadc6bb92cb0f39dc9269e53afe##system/vendor/lib/libaed.so
cd2464d68831e10de33c52ea7268b17f##system/vendor/lib/libvp8dec_sa.ca7.so
930b6f0fdc4c90b4b844634bea1261db##system/vendor/lib/libcam.hal3a.v3.dng.so
5cfa57f641a4d906703f0987b95c29e2##system/vendor/lib/liblocSDK6c.so
3e5f3646ec242bc9ef1f2fa4b831436a##system/vendor/lib/libnativecheck-jni.so
aaa416c85b019d6048263f0c84a565da##system/vendor/lib/libnetworklocation.so
4e2e8913f5c6cb289cddeb07c9b567c2##system/vendor/lib/librilproxy.so
d2bbb2bf81c960718b57c49fba3973b3##system/vendor/lib/libcam3_hwpipeline.so
8ddc69856f29e9d7a533a6210e99a66f##system/vendor/lib/libMtkOmxVdecEx.so
fb4ca4235841f28e9af259e3511475d0##system/vendor/lib/libOpenCL.so
f3fa06908fcb133bcbc6f885f2875972##system/vendor/lib/libspeech_enh_lib.so
534a2ea1b190691d2c288984a0293c89##system/vendor/lib/libMtkOmxApeDec.so
ca1fde4863439691e38af57df64a2d82##system/vendor/lib/libpq_cust.so
277f97be7124501c97d45ec56763518a##system/vendor/lib/libGdmaScalerPipe.so
b55fa4b97b19e593a67d3c837e9f74ab##system/vendor/lib/libcam.metadataprovider.so
4d2fcd2291155aa89eac8d597553ea4b##system/vendor/lib/libcam.halsensor.so
1c7fb2cbb27092782053b74c4189f7e6##system/vendor/lib/libnvram.so
b15c183449119a697eedaf29bb5284a4##system/vendor/lib/libmal_datamngr.so
3bbafbe0b39ab5992e582d88164d32f6##system/vendor/lib/libcam.metadata.so
d6b200d97fdb9a950656e7dc476e6b30##system/vendor/lib/libMiraVision_jni.so
0fbe400ad313d855abb2edc1c6057e6c##system/vendor/lib/libdirect-coredump.so
306ed893059e5977bc3142183c4fe427##system/vendor/lib/libMtkOmxG711Dec.so
d385879d0074f9109d9358ab54fbe576##system/vendor/lib/libClearMotionFW.so
00ad5fe0541a720cf5a840562e7d2f33##system/vendor/lib/libBnMtkCodec.so
6d91bb8c4cfb4b4cd992c447a1d80cdb##system/vendor/lib/libmtcloader.so
4d57b5da43b3c5363a2aaafe199d3798##system/vendor/lib/libvt_avsync.so
368cf38e9df2d890a6218aa7acfc1a24##system/vendor/lib/libgas.so
2fc30151191062a6a65fe584bc61c633##system/vendor/lib/libcameracustom.so
ab5c81425a77b0268d0252b7c17a076d##system/vendor/lib/libMtkOmxFlacDec.so
ada001879e51f8b927483ba7cf257eff##system/vendor/lib/libcam3_utils.so
c26a3cedb198e60d53cf4ed210c53c87##system/vendor/lib/libMtkOmxRawDec.so
352d971afac7ea0082bf48bb74386cb6##system/vendor/lib/libmtkcam_fwkutils.so
5f8f84cf8c77f2c82f203b1c21acd592##system/vendor/lib/libtouchfilter.so
48b4d9567547f60192a706ae3154e0ff##system/vendor/lib/libfile_op.so
5af03e00554c9f0bb8076d650b3eff92##system/vendor/lib/libhevce_sb.ca7.android.so
ed61ac000d1bd0562d8850643dc186f6##system/vendor/lib/librilproxyutils.so
d4f6bab1d13ac94d889fabb5543eba36##system/vendor/lib/libimsma.so
2250d0563edb7f337ab424a790e4c310##system/vendor/lib/librrc.so
8b4f2ed7ac436a7e76fc5bab9c7c3497##system/vendor/lib/libmal.so
b8af1f6970f39d38a90260a960cee825##system/vendor/lib/libLLVMIMG.so
98fb1dd0542604d10851e1c77067ace9##system/vendor/lib/libmal_nwmngr.so
8410af4ff8ea3083b0654420222f7a0f##system/vendor/lib/liboclcompiler.so
a054e73464348f2a8ae0a8494e3b714e##system/vendor/lib/libmhalImageCodec.so
daa491a65e4260711b89259b691e3244##system/vendor/lib/libaudiocustparam.so
38cb79490179f8a9e60263d3e6b7321d##system/vendor/lib/libmtk_vt_service.so
d25cbaffe3c41c683d4f7ea7ff4deed4##system/vendor/lib/libIMGegl.so
66c175bc1dd5ee13e894f1952064a0ac##system/vendor/lib/libMtkOmxAlacDec.so
9efacf9e2fd60fbce4fbd4c59ead4db8##system/vendor/lib/libmdfx.so
51aad9a3a081ceccafa6c99d1240e76c##system/vendor/lib/libem_support_jni.so
433f04788925dcb1010115c1cb973d94##system/vendor/lib/libprogrambinary.so
a23545002999e69ab0bc9b82c0d53ef7##system/vendor/lib/libgralloc_extra.so
eef01becf9ee72fd7d5e2f004d0f8a78##system/vendor/lib/libstagefright_hdcprx.so
3ff56ebcaf60e8c3121f538fc92a0534##system/vendor/lib/libJpgDecPipe.so
59f68971533a1830d03d95667d293865##system/vendor/lib/libmjcFakeEngine.so
3dd160c357c95eb780341831ef546845##system/vendor/lib/libsink.so
90fb67c28c2e9268e41ae84c8454b60f##system/vendor/lib/libaudiomtkdcremoval.so
4072d69f454f0b2de6d9d7f69dbf65b5##system/vendor/lib/libcam3_pipeline.so
5f3c63e45e843b24aad7c37247c8ccdb##system/vendor/lib/libmtkshifter.so
d78c66c9465ce07c772f9819084e7487##system/vendor/lib/libged.so
37263c554151a1bd03000eb46d4d7311##system/vendor/lib/libem_lte_jni.so
602cc4711826900b1804c3c3412d0040##system/vendor/lib/libcvsd_mtk.so
5fdc3142053b3ca6a6b493bea1ba8a3d##system/vendor/lib/libvcodecdrv.so
378149e7b76529da7850ff5e68653f18##system/vendor/lib/libdpframework.so
0502ffeb6b662056dd3a76a59fdaaefc##system/vendor/etc/init/init.wod.rc
29be535c62a18a7521c2c964d73b2803##system/vendor/etc/voicecommand/training/ubmfile/128.dat
3670144d2d7120ee37dcbf8bb4fbe58c##system/vendor/etc/voicecommand/training/ubmfile/ubmModel1.bin
ad64bf92feb5e565d8a9e3ea76fceb91##system/vendor/etc/voicecommand/training/ubmfile/ubmModel4.bin
91945fd07bf770f8cf7410dfd1365841##system/vendor/etc/voicecommand/training/ubmfile/nl
4d535dca199446621703e0d321c478f7##system/vendor/etc/voicecommand/training/ubmfile/ubmModel2.bin
c9ba9eadd1b9f7cb3862d22b4e2788d7##system/vendor/etc/voicecommand/training/ubmfile/ubmModel0.bin
88334b09d6b3a1575d454fb508920808##system/vendor/etc/voicecommand/training/ubmfile/64.dat
d94276fd09685cd351766cea9eb2d923##system/vendor/etc/voicecommand/training/ubmfile/1.pcm
e2ae709a9b7b3e01f2be3767267e7114##system/vendor/etc/voicecommand/training/ubmfile/2.pcm
413ffd65bbee0ade1f2b4c404b73828e##system/vendor/etc/voicecommand/training/ubmfile/ubmModel10.bin
f832c9dc821f778ba54ebaf17c32b278##system/vendor/etc/voicecommand/training/ubmfile/ubmModel3.bin
5dd577cd265c54b10388a9d16e023364##system/vendor/etc/voicecommand/training/ubmfile/antiCmds/Model4.bin
a59f650bbb8482825a65d74da101d3ca##system/vendor/etc/voicecommand/training/ubmfile/antiCmds/Model1.bin
f7b8810a025e7520ac08969247e968f0##system/vendor/etc/voicecommand/training/ubmfile/antiCmds/c_e_dic.bin.f
ab168b3903d7e195215b2e0e5f980b01##system/vendor/etc/voicecommand/training/ubmfile/antiCmds/c_e_dic.bin.gen
4ed915af17287e1d09582cfd3ba56eef##system/vendor/etc/voicecommand/training/ubmfile/antiCmds/commandfilr3.dic
128122b69bd43c399105cf7a83ae3685##system/vendor/etc/voicecommand/training/ubmfile/antiCmds/c_e_dic.bin.t
0ce4b753e9dc7427b849e304e193284e##system/vendor/etc/voicecommand/training/ubmfile/antiCmds/c_e_dic.bin.l
f7b8810a025e7520ac08969247e968f0##system/vendor/etc/voicecommand/training/ubmfile/antiCmds/c_e_dic.bin.p
e89e86ccce0b0f2bc5ae17388a110df1##system/vendor/etc/voicecommand/training/ubmfile/3.pcm
7c80938332fbab4e2aef26f483a20f30##system/vendor/etc/voicecommand/training/ubmfile/4.pcm
2822e7dcb9158e047316c09f9b6f1d49##system/vendor/etc/virtual-spn-conf-by-efpnn.xml
45e7df719706bba975c53d32e899b115##system/vendor/etc/ecc_list.xml
9568f75cd2bded832a93f6cc84889848##system/vendor/etc/slp_conf
052ae61343bbc0276997d28620936b64##system/vendor/etc/mtklog-config.prop
ee44dc3863ec254059ffa1085ea932c2##system/vendor/etc/audio_param/USBCall_ParamUnitDesc.xml
59dffa2ac99d599923ec1763ae67c678##system/vendor/etc/audio_param/PlaybackACF_AudioParam.xml
1b9e3410d897b51a66ed3fbe845007ae##system/vendor/etc/audio_param/BtInfo_ParamUnitDesc.xml
ee02d5875ddf5d9b39777255b6715172##system/vendor/etc/audio_param/AudioParamOptions.xml
118b000fb74548600f35114803ec2b19##system/vendor/etc/audio_param/SpeechMagiClarity_ParamUnitDesc.xml
a6b2e5a1b788d377da145146a8baf50b##system/vendor/etc/audio_param/PlaybackVolAna_AudioParam.xml
f176e0d215999785e8b8e16d958ed8a9##system/vendor/etc/audio_param/SpeechDMNR_AudioParam.xml
dfad037c31ecd28547579aca227347e8##system/vendor/etc/audio_param/SpeechVolUI_AudioParam.xml
4236fcbbc2d089ec12e26dd972fc2818##system/vendor/etc/audio_param/VolumeGainMap_AudioParam.xml
ced7ab3d1ccb29a9504a2405d0bcf74f##system/vendor/etc/audio_param/SpeechVol_AudioParam.xml
d825ba083ff4c11fd512693811dadfa7##system/vendor/etc/audio_param/RecordDMNR_ParamUnitDesc.xml
22afde27a5f4cb20907fee6c5534202b##system/vendor/etc/audio_param/SpeechEchoRef_AudioParam.xml
07698f06921c028e4c84f7085252c251##system/vendor/etc/audio_param/VoIPVolUI_AudioParam.xml
616a0b634b86686fbb47e5adf394b08a##system/vendor/etc/audio_param/SpeechVol_ParamUnitDesc.xml
c31b84d34f3721b31665aef47fe8d0e2##system/vendor/etc/audio_param/VoIPGeneral_ParamUnitDesc.xml
6386ed76bdf571b4cbfe1633645d389c##system/vendor/etc/audio_param/VoIPVolUI_ParamUnitDesc.xml
717e9dc1400c4d2c538d22ee2b6928d9##system/vendor/etc/audio_param/RecordUI_ParamUnitDesc.xml
b7bd8435a2e56e3e134d4f3fe9add62c##system/vendor/etc/audio_param/SpeechMagiClarity_AudioParam.xml
76a449469e23362e8300147091f6683b##system/vendor/etc/audio_param/Volume_ParamUnitDesc.xml
86ea55425c86b8bf15f16fd02bcc2d72##system/vendor/etc/audio_param/RecordVol_AudioParam.xml
82ec0dc5c8171448caafd8038524bcab##system/vendor/etc/audio_param/Playback_ParamTreeView.xml
200c5afe1d808c2da190733325bf6a85##system/vendor/etc/audio_param/VoIP_AudioParam.xml
9079b6553b00dc5b237e4c7b8a89b32e##system/vendor/etc/audio_param/PlaybackVolUI_AudioParam.xml
fb10b18292cb58b13f494e3c580dc973##system/vendor/etc/audio_param/VoIPDMNR_ParamUnitDesc.xml
f59a37f43dd2ef4a69192ed5aa41370b##system/vendor/etc/audio_param/Speech_ParamUnitDesc.xml
31e73076f6f05ca456de91b8dec53c17##system/vendor/etc/audio_param/SpeechNetwork_ParamUnitDesc.xml
3d851f8e34fc8e6157fcfae37b0801e2##system/vendor/etc/audio_param/PlaybackDRC_AudioParam.xml
82bde0d883010a645dadc771c412fe6b##system/vendor/etc/audio_param/SpeechEchoRef_ParamUnitDesc.xml
784e7c3fe6066f56510582b9c588d9b3##system/vendor/etc/audio_param/SpeechDMNR_ParamUnitDesc.xml
535cc8d9f2d5fa2192db647ac33f0aff##system/vendor/etc/audio_param/Volume_AudioParam.xml
4d015ad750dd3d46a86afcdf67b32ff8##system/vendor/etc/audio_param/VoIPVol_AudioParam.xml
4b3fe32b5755146855c0a4442d1faf06##system/vendor/etc/audio_param/RecordVolUI_ParamUnitDesc.xml
55a792396a87e1e0a56c0dceb5970fe8##system/vendor/etc/audio_param/VolumeGainMapUL_AudioParam.xml
aeabd0f5fb279bbf8e54e417a760658a##system/vendor/etc/audio_param/VoIP_ParamTreeView.xml
215809c0adbed4c2eb381e0ba9167fb7##system/vendor/etc/audio_param/VolumeGainMap_ParamUnitDesc.xml
928cac174e874b86c68706738074fcc9##system/vendor/etc/audio_param/SpeechNetwork_AudioParam.xml
85b28ffffece1cdcefc17a4ede30472b##system/vendor/etc/audio_param/PlaybackVolUI_ParamUnitDesc.xml
109ab76a3a9f4259ce45f87bfbded0b4##system/vendor/etc/audio_param/SpeechUI_ParamUnitDesc.xml
f6e9647d6a01bdc86247e025bbc8fea6##system/vendor/etc/audio_param/RecordVol_ParamUnitDesc.xml
c8f79f80c566362a64b289632120896c##system/vendor/etc/audio_param/SpeechGeneral_AudioParam.xml
28a4b3d0a3e760219339fa8fcce96bb9##system/vendor/etc/audio_param/VoIPUI_AudioParam.xml
82ef64269e3d3a46dcd471b5156c547d##system/vendor/etc/audio_param/Record_ParamTreeView.xml
6dee72ae0b167e5e38055c257a4d830f##system/vendor/etc/audio_param/RecordFIR_ParamUnitDesc.xml
f1aa561bc81ec6cf478f2d2845244762##system/vendor/etc/audio_param/SpeechGeneral_ParamUnitDesc.xml
39cfc7b53730def761167569d77f38ba##system/vendor/etc/audio_param/PlaybackVolDigi_ParamUnitDesc.xml
98ab9dfa62666034194bcc9ff5d5a78b##system/vendor/etc/audio_param/Speech_AudioParam.xml
41671ec779e2f685adafc6c7b011b57c##system/vendor/etc/audio_param/SpeechUI_AudioParam.xml
698db35bf9a2b44f736803d35aaafa89##system/vendor/etc/audio_param/Playback_ParamUnitDesc.xml
ce1f4cbb4c7096675f567eeb044083da##system/vendor/etc/audio_param/Record_ParamUnitDesc.xml
aba07f04373e1c07ff02d836ab595ed0##system/vendor/etc/audio_param/USBDevice_ParamUnitDesc.xml
b576fc43b874807a0b953c4df857cb4c##system/vendor/etc/audio_param/PlaybackACF_ParamUnitDesc.xml
c30d468f0d3c18a3dbb592ab6cac805a##system/vendor/etc/audio_param/VoIPUI_ParamUnitDesc.xml
48273280e559cea0c773bf788c53c9a0##system/vendor/etc/audio_param/PlaybackHCF_AudioParam.xml
716769ce2468d05a52713a634380df0d##system/vendor/etc/audio_param/USBCall_AudioParam.xml
80e526f0cef3a5cf2d9b4c4d794fc3d9##system/vendor/etc/audio_param/PlaybackVolAna_ParamUnitDesc.xml
a2f40797122b52234e163d62e6d0b919##system/vendor/etc/audio_param/USBDevice_AudioParam.xml
7aee16262e970dfd79da66418ccc35df##system/vendor/etc/audio_param/Playback_AudioParam.xml
0fbcb5801871b10f2fe465ce24a225e0##system/vendor/etc/audio_param/BtInfo_AudioParam.xml
41e7efab0e05447b1df7373821a6d4c2##system/vendor/etc/audio_param/RecordDMNR_AudioParam.xml
47b1d4f43e0d10fd25b8c905b6bfd90c##system/vendor/etc/audio_param/PlaybackDRC_ParamUnitDesc.xml
b5084c44848a238d0a52770f41a812b3##system/vendor/etc/audio_param/VoIP_ParamUnitDesc.xml
6656084b9a930a266783e6203cec0f74##system/vendor/etc/audio_param/Record_AudioParam.xml
3e20949435306f6c6151783afcaab699##system/vendor/etc/audio_param/VoIPDMNR_AudioParam.xml
acb10a92f540ad74152418e5e961841d##system/vendor/etc/audio_param/Speech_ParamTreeView.xml
c7affaec113e728e2234f30e2bedfb6d##system/vendor/etc/audio_param/VolumeGainMapUL_ParamUnitDesc.xml
4b4810be9cbb5868183ab93661c96ad8##system/vendor/etc/audio_param/VoIPGeneral_AudioParam.xml
b0817d133db7fa87f5fa394ff7735fd8##system/vendor/etc/audio_param/PlaybackVolDigi_AudioParam.xml
61a790e49a4319ed50b52e96d46202a4##system/vendor/etc/audio_param/RecordVolUI_AudioParam.xml
7defdeb86cef8d6e0935c5bb5cf14003##system/vendor/etc/audio_param/PlaybackHCF_ParamUnitDesc.xml
08f226796ee377a1ddba4a657c0f0121##system/vendor/etc/audio_param/RecordFIR_AudioParam.xml
1487b8ec924309f350deab56cf3ab8ad##system/vendor/etc/audio_param/VoIPVol_ParamUnitDesc.xml
652827e60eee3f5992978454fc1b6e7a##system/vendor/etc/audio_param/SpeechVolUI_ParamUnitDesc.xml
85839c08052b18ab44a79db16534a153##system/vendor/etc/audio_param/RecordUI_AudioParam.xml
67674101931560bf074c4ccaf901db16##system/vendor/etc/perfservscntbl.txt
b832fc2b2e257456403ebd909347f892##system/vendor/etc/.tp/.ht120.mtc
4b255005908a5a678cb9727f26efac36##system/vendor/etc/.tp/thermal.conf
5b06edb7ab493e0b08077cbc9e06e713##system/vendor/etc/.tp/.thermal_policy_00
621d9f59fe4a23148b837ff9a3748eb1##system/vendor/etc/audio_device.xml
82f21dea438ad8f5ea72328f48d19cc1##system/vendor/etc/cdma_ecc_list_ss.xml
3ccefe6a23068d9f65c9fc21788409db##system/vendor/etc/radvd/radvd.conf
038453ff3953c02be1a6ac3901c81c4d##system/vendor/etc/aee-config
b4121f7009a2a35391d7dc4df5315748##system/vendor/etc/virtual-spn-conf-by-efspn.xml
b7e9c6e838dc2d52847bb5869ac965f6##system/vendor/etc/audio_policy.conf
2f7c35de07e5293a0d72de5d1f81cf33##system/vendor/etc/virtual-spn-conf-by-imsi.xml
09ab71119edeea93a9517d17501d32be##system/vendor/etc/wide-dhcpv6/dhcp6c.script
1103f18a20f607952c9911cda488c996##system/vendor/etc/wide-dhcpv6/dhcp6c.conf
fb99396abe72d95d172bcaa30b1f3bc3##system/vendor/etc/wide-dhcpv6/dhcp6cDNS.conf
3602680e0fd4987eb2de8a7a8ea62044##system/vendor/etc/wide-dhcpv6/dhcp6cctlkey
8901e99ab22f507bc89dffaed98aa45a##system/vendor/etc/wide-dhcpv6/dhcp6s.conf
e8b8506c592c03dc2fabd481ab29b452##system/vendor/etc/mixer_paths.xml
dd48b6dc7342815229e09bf34670fe51##system/vendor/etc/cdma_ecc_list.xml
0db564fe57e064bbd28183d8d3a1bf43##system/vendor/etc/factory.ini
430faae58b57171a8026e89c83203ddd##system/vendor/etc/audio_em.xml
eb1c7321b1585fdb21a3378d9ff25b31##system/vendor/etc/partition_permission.sh
2e7509808e3ad16c5a7d766a09eb65ee##system/vendor/etc/perfservtouchfilter.txt
bf3d8a10d6ea20d49032bcdb0ecc0a86##system/vendor/etc/custom.conf
bf94dfbfd86e9215cb0d0ef2cff648d5##system/vendor/etc/ipsec/wod_optr.conf
d41d8cd98f00b204e9800998ecf8427e##system/vendor/etc/ipsec/ssl/openssl.cnf
0226c3015e08303743a9d07dcf37e6bf##system/vendor/etc/ipsec/ipsec.d/cacerts/GeoTrust_Primary_CA.der
8eadb501aa4d81e48c1dd1e114009519##system/vendor/etc/ipsec/ipsec.d/cacerts/VeriSignUniversalRootCertification.der
b5e83436c910445848706d2e83d4b805##system/vendor/etc/ipsec/ipsec.d/cacerts/GeoTrust_PCA_G3_Root.der
3102f7dd5d45affceafbb4dd6b3f3d85##system/vendor/etc/ipsec/ipsec.d/cacerts/Entrust.net_Certification_Authority_2048.cer
cb17e431673ee209fe455793f30afa1c##system/vendor/etc/ipsec/ipsec.d/cacerts/VeriSignClass3G5.der
29c13c3c36538f32c72c229d05c190da##system/vendor/etc/ipsec/ipsec.d/cacerts/Root_CA_1003.crt
015ed86bbd6f3d8ea131f812e098736a##system/vendor/etc/ipsec/ipsec.d/cacerts/GeoTrust_Primary_CA_G2_ECC.der
8ccadc0b22cef5be72ac411a11a8d812##system/vendor/etc/ipsec/ipsec.d/cacerts/thawte.der
36c9b74b6cb0214cc71117b118fe2b4d##system/vendor/etc/ipsec/ipsec.d/cacerts/VeriSignClass3G4.der
8a07df7bb230b8d383de43f078039c65##system/vendor/etc/ipsec/updown_script
d4424b5ac4b372714aab50f586e0e196##system/vendor/etc/ipsec/wod_cust.conf
4ba0dcffa7a65fcd6753231f7edace15##system/vendor/etc/ipsec/strongswan.conf
d00c9585f943e6f84b25b95102b196cd##system/vendor/etc/ipsec/ipsec.conf
0b053667cb32973da81e73085050c6c4##system/vendor/etc/gallery/Gallery2Raw/Gallery2Raw.apk
dd85c3834bc19b61b5d7b732010eec6f##system/vendor/etc/gallery/Gallery2Pq/Gallery2Pq.apk
ccd80c3829c6a08a842cddf7c66d20cc##system/vendor/etc/gallery/Gallery2PqTool/Gallery2PqTool.apk
b8db65fd8ad8dbe88d1a7de1244034b7##system/vendor/etc/gallery/Gallery2Root/Gallery2Root.apk
2f0d7c1d47f67d2a474e2f4eb168352d##system/vendor/etc/gallery/Gallery2Drm/Gallery2Drm.apk
307860861ba59a1aa770e49eb6651df8##system/vendor/etc/gallery/Gallery2Gif/Gallery2Gif.apk
3b7fc13d97a683185cb82332c54cd41c##system/vendor/etc/resmonwhitelist.txt
6f496492df4122bb2743ce272c4d1514##system/vendor/etc/appwidget/3dwidgets.xml
d1eb357d620ccd14542c8cd7efe3c4f6##system/vendor/etc/disableapplist.txt
44231a3631be822eddfa8a7358bebaac##system/vendor/etc/recovery.fstab
92d3fc8982960d6178d5121a6746be97##system/vendor/etc/throttle.sh
d0934a6c5b87259d995c811e73d92a70##system/vendor/etc/virtual-spn-conf-by-efgid1.xml
2fe04cbe62b6cdfe108f23d42bdb5093##system/vendor/etc/mtk_omx_core.cfg
094a67de26f4ae3694e328e4e846c446##system/vendor/data/misc/ProjectConfig.mk
b9e403bb6e32c0ab869766846b14bbd7##system/vendor/app/SensorHub/SensorHub.apk
88289b9f2d7075203ff01e86f83704e8##system/vendor/app/FactoryAutoTest.apk
d3cb6cf3c6707c9449a743b5cf0595b6##system/vendor/app/EEBBKSafe.apk
ec3961aa4757689188eca7bb0b1e3656##system/vendor/app/CalendarImporter/CalendarImporter.apk
14901082804fa9437ed901582475b743##system/vendor/app/MTKLogger/MTKLogger.apk
f54391a1133f9a698a356a9165bc09fc##system/vendor/app/Camera/Camera.apk
2f63276f5dc62c7b35a23313740fbd6c##system/vendor/app/StudyOsCalendar.apk
99c34a12debc93b9a3420ed55a0b0699##system/vendor/app/EngineerMode/EngineerMode.apk
88c909d990b72b0dcf276dd7198e096f##system/vendor/app/MTKThermalManager/MTKThermalManager.apk
82992f3d911720f0ffecc8dd3c894bc0##system/vendor/app/SogouInput.apk
0075d7bfcb6351f5ef6fdf572f10f2f8##system/vendor/app/DrmProvider/DrmProvider.apk
60f6d6cc375b25ed19be7c5e49ba365d##system/vendor/app/BatteryWarning/BatteryWarning.apk
14882f00c8be6fe0c7699eda4d1015aa##system/vendor/app/FactoryAutoTest-androidTest.apk
7f796c4fb9a07393d4e60d0d663f20d3##system/vendor/app/BtTool/BtTool.apk
32db16de6d68501d9d6a1a7e3a97639f##system/vendor/media/images/drm_disable_icon.png
1bcda6dd414d5de5ec66de26efaede0d##system/lib/libRS.so
2a405ec542ea490d3009bfc0c34fba9a##system/lib/libharfbuzz_ng.so
c83b110deca17fe330b7f385dbb17f98##system/lib/libstagefright_soft_amrwbenc.so
853f79d8ff6452209216dd988d506bfb##system/lib/libnativebridge.so
870b546d6c0327dd1256d427d27b5826##system/lib/libui.so
eb601fed22857fc3f8e676b520ec24d9##system/lib/libext2_blkid.so
af7398546a0aadc40b6dd8a73c4e9fe3##system/lib/libstagefright_httplive.so
8a82f37822e24ef8de034fbd6f17b7c2##system/lib/libkeymaster_messages.so
33fd8817a1ce686d7e60edf800e50039##system/lib/libc.so
15c23a50e0624034b3e7654aef00af81##system/lib/libjavacore.so
1b5b23d3e6d3725e26814f4abb37f8e4##system/lib/libimg_utils.so
9a3db87706b53cef7fae6df2adeb6902##system/lib/libminikin.so
45d169ac13d870a213600f4455b6ff76##system/lib/libMTKAudioTimeStretch.so
284c4ca68ea4001f9803c2cc28039999##system/lib/libft2.so
eb1b570006b024fc83a28858f033ffc5##system/lib/libcamera_client.so
2c62e083b4fcda585e16c1c01e02ceac##system/lib/libssl.so
f221ebaebd70ddbcad50ba7dd6675a35##system/lib/libsonic.so
44bf2c9462c0ac4870029639253e8d64##system/lib/libaudioflinger.so
208d5de6a4ce7f51e6e136c8fe041a1c##system/lib/libvixl.so
70633572dd37e54e06c7f1a94de3a269##system/lib/libnetlink.so
fb2c766289d0b8f1b927838a54547213##system/lib/libpowermanager.so
6185f4dddac9dbe315b8bfcc4525222e##system/lib/libopenjdkjvm.so
5bc3af8fc016a08d463f7de1106e9e79##system/lib/libcamera2ndk.so
a5c3f1d2eb72ba878d636a5dd4cda882##system/lib/libexif.so
a7c956eac355aecf21abc4cc728e6b9c##system/lib/libradio.so
4c8fee1691419868c06a82b692c49b5f##system/lib/libmtp.so
15823cb9a7b97271d53b6478559487a3##system/lib/libselinux.so
76cb5ca74f94f01ee2da22d6e0300444##system/lib/libc++.so
fb56536c48939af489d7b1d5ca11afa3##system/lib/libext2_uuid.so
d43c0a6f84e953222e2f4d1bbb7710a5##system/lib/libsqlite.so
89ed657749d175a67c3db42f7f3d80c4##system/lib/libpac.so
592de546795d286efb58a8ee1ea1edf2##system/lib/libcameraservice.so
5e5a9ca1fa8ac09a9f1ef3c2f35c2456##system/lib/libsoundtriggerservice.so
92c3362dda0de53f907082f2e8b364f7##system/lib/libaudioutils.so
831ebda82b054ae1d90b077db891c685##system/lib/libstagefright_soft_aacdec.so
d6a6dac4c739412e27a1dfd391b07704##system/lib/libstagefright_foundation.so
b85ff36405e40d7d60028d863208ce15##system/lib/libstagefright_soft_hevcdec.so
087cf6578807b3a623d2b372807a5081##system/lib/libaudioroute.so
6ed6156c3a0244411608f1a3fc24a3a2##system/lib/libcutils.so
9c269ea58a24f92ab8ca9dde47ac1be8##system/lib/libril.so
27bfeb4e1481877a9ba7f3f3b4a1d16c##system/lib/libiprouteutil.so
8213523efdf6a5cd4cb2ccc44d18732d##system/lib/libmdnssd.so
0adafc7ee853cbb758c86ed617dbde18##system/lib/hw/local_time.default.so
5546d5118aad4322a799c6c52a8e7c71##system/lib/hw/audio_policy.stub.so
3bcd1853253048cfcd72471ce652c5f8##system/lib/hw/audio.primary.default.so
8be5a11d312705b339802805be54bd4c##system/lib/hw/audio_policy.default.so
048ae29c1a4b8754d27a9387adf35d84##system/lib/hw/audio.r_submix.default.so
cf7f895251183409aa4a2837f5203d72##system/lib/hw/vibrator.default.so
96d26017cb6ceca9a44d7e6bbed7c7ab##system/lib/hw/keystore.default.so
ccb753d030c9055151cd555cf2335d82##system/lib/hw/audio.usb.default.so
f39d975230ca6b088bedaa1f8dd78f9c##system/lib/hw/bluetooth.default.so
26054bbb2019e3cbf058edbe0b290eb2##system/lib/hw/gralloc.default.so
829290a1a7310e947e7ecc89d9ccb193##system/lib/hw/camera.default.so
8f5276b0f0a1c2b334a98d43d8cec936##system/lib/hw/audio.a2dp.default.so
59ce350595af741efd766d3517eb22be##system/lib/hw/power.default.so
62ea6a01e481a8271a97f60c7571848d##system/lib/libdrm.so
dbcf646cbce26f0f7de5ae9232ba8240##system/lib/libopus.so
b15e8fc331cc8438dc9cb6beb3445a9b##system/lib/libaudiopolicymanagerdefault.so
006187bcb943333833ad698c76b4d571##system/lib/libaudiopolicyenginedefault.so
29f4bd6c2a58250c409121a89bcd5155##system/lib/libxml2.so
02245bc86e41617a16ec303473610eea##system/lib/libstagefright_soft_vpxenc.so
f0c7fbb4c5e73c7efbbad620ef37dc5d##system/lib/libaudioresampler.so
77f68639f11a77c60b13237624e63220##system/lib/libtinyalsa.so
ef61d063c84694811e82d36f07bb94d6##system/lib/libresourcemanagerservice.so
7061e3d126d1ee21fa7b934db9ef8091##system/lib/libaudiopolicymanager.so
243297e4afc094f48efc17e7e2ba993c##system/lib/libtiff_directory.so
8d8b0e3465699c008d77a341ab96eb06##system/lib/libGLESv3.so
876458e9275c4cda163b463c49eba8d2##system/lib/libinput.so
c1d7235fdffd0a2ee186877ffb153e0f##system/lib/egl/libGLES_android.so
c3492e5f0115e0763c9d5d6a7545c696##system/lib/libRS_internal.so
f3110ed6ba16d30ba92eaab11711853f##system/lib/libpcre.so
c7afa1281df782f767c7a2303fd078a8##system/lib/libpower.so
048e342d8495c9c027562bc3de5981f5##system/lib/libbbk_soundfoice.so
dbd523ac9e68fff40f7d9fcd3b7ca311##system/lib/libclcore_g.bc
a684fc1a7b91540678563c650c5fbf3b##system/lib/libstagefright_soft_gsmdec.so
30ca7332862eb390fa4f4ec8a46d58f1##system/lib/libpackagelistparser.so
d1c16d4195bdd57ba86bcfbaee64b6a4##system/lib/libcrypto.so
6a7d7d9f86194b11ca9f1dc4978624e7##system/lib/libandroid.so
8359a9d2097e0beaebeb10d938769a96##system/lib/libreference-ril.so
995112ba6d992adec4aa52ac9ff4f3bd##system/lib/libETC1.so
541390e3b6501403ff3a1faa2d95adcf##system/lib/libc_malloc_debug.so
0bb4e08c5444536ddc1003fe3a3553bb##system/lib/libandroid_runtime.so
e549ec92ca1bc5928c13315a15fa1c05##system/lib/libmediandk.so
5fe9ec5d747fbd78fe4ec63ad5c8598e##system/lib/libext2_com_err.so
091d473b3d62b187213e90802a8fbfa8##system/lib/libkeystore-engine.so
a518569097d38c67476455795fe9e8f0##system/lib/libion.so
a31b52695ad1689c26c5b10bd08367e7##system/lib/libsoftkeymasterdevice.so
81e15394ba28255eac8d9e17f5ca7195##system/lib/libkeystore_binder.so
8bbdc6dd2270f247e35ce35b8bbf5cf5##system/lib/libdng_sdk.so
132fd06f73966a213629c909f22b7ecf##system/lib/libfilterfw.so
f40e4fac41b8911fab520d281bebc02d##system/lib/libandroidfw.so
87f0afa874b6e8366d2743925677d023##system/lib/libutils.so
c79e1c7880ccc385e29e5bd2b65ed0fb##system/lib/libsurfaceflinger_ddmconnection.so
840618f3477883b8d0716a40e1c0306b##system/lib/libwebviewchromium_loader.so
e09d6f351e8ab564b7c1b4b3574f9354##system/lib/libstagefright_soft_vpxdec.so
761741b496967ed6806efd73b5bda43f##system/lib/libprocessgroup.so
09ef89fa463e944b93cbb204c5b3af86##system/lib/crtend_so.o
8d13ac0932720e4e7a67da15c1b50ccd##system/lib/libja3m.so
b50e2d69d9e751bb46c9559248430442##system/lib/libgatekeeper.so
9e939f3cdb68297068bc63cd914b7dcf##system/lib/libstagefright_soft_ebbkffmpeg_dec.so
7267f43e06dc1d857db07ffa313f4887##system/lib/libjavacrypto.so
c5441f4befc579860068c8da456faca1##system/lib/libhwui.so
f11a493b058a0bdda3365f05ba86e10a##system/lib/libdl.so
340f4e367fd90b5a13c16fd1bd0b98d0##system/lib/libstagefright_soft_mp3dec.so
aa46fe883edee1073db1ae42bb245f9c##system/lib/libradio_metadata.so
5ba2b840db9bb6751adb4b135fd86b33##system/lib/libOpenMAXAL.so
4dbbbaec28285e1e0e7fd8764a14379b##system/lib/libgui.so
534fdba4c2bb081aade279a55ad1137a##system/lib/libradioservice.so
48807f49c548aa22d5b34f603bf1330a##system/lib/libsoundpool.so
c51eb06c366ce2525539421067a6fa9d##system/lib/libbacktrace.so
ee5378ef9fc0bc895d66ec2982285298##system/lib/libbbk_decryptblmbmd.so
c94dca2ab93eaf988b292498751cbc60##system/lib/libmemunreachable.so
d796b9bb1cb1a0e9223e5d59b9feb33d##system/lib/libmediautils.so
740437cde2719a4b2b6f399f114a9979##system/lib/librs_jni.so
465e583f14eecc3a27ac9216b07dee4b##system/lib/libmediacodecservice.so
7cb714751b8f8a489a9ebbd0f8a32cc9##system/lib/liblzma.so
7db9a4b0392c1fd8e5e46985722ca539##system/lib/liba3m.so
b537e4810cce4da8e77a101226865b3c##system/lib/libbinary_parse.so
29ee957580d91aba46250d281f7ab5db##system/lib/libnativeloader.so
48fd122dbd4b0d7c7bc0a6ab9ab8099b##system/lib/libjpeg.so
c683d0d7abaa73f31e06240b459cdc12##system/lib/libGLESv1_CM.so
6b16a37c5ef9fdd3bbcb5efea56702b4##system/lib/libdrmframework.so
723be9b0b971652b6edc2e686b4b4ad7##system/lib/libbcinfo.so
1cc939c66cfa25df826882aeb7d66ff3##system/lib/libkeymaster1.so
416f1a4418ec8fb593d15e4b9ba0979b##system/lib/libstagefright_soft_g711dec.so
7f3b84cac0004221b941fe462b116206##system/lib/libexpat.so
7844a66dec541bdd50b3224fb363de55##system/lib/libstagefright_soft_mpeg4enc.so
c8a29c111e7a478c04b79a567b3a19aa##system/lib/libmediadrm.so
a7b031580c51b36c1102ba7a88410955##system/lib/libeffects.so
3594d013378fd42d60e022dce772b51b##system/lib/libbluetooth_jni.so
035bc4187d96688b8241e7080b367572##system/lib/libstdc++.so
55edba9c7400d580b89f2876d155e668##system/lib/libnetd_client.so
1506ca0e8a969a8832e70da53e2faa64##system/lib/libsensorservice.so
2804c41ed66fa383e62ff8611bc1ab44##system/lib/libstagefright_soft_rawdec.so
47aa5aba34c091f0f79aa8dd33730809##system/lib/libnl.so
585453f1c23ce49979266bdb32826131##system/lib/libsoftkeymaster.so
ef06ed911afb69cb66c4781643f12d39##system/lib/libOpenSLES.so
2ad5e2b8efd0e43efa6b1ba822a40a19##system/lib/liblz4.so
13e9c0f31127a94a163ceb6183ef7c9e##system/lib/libopenjdk.so
50a4797196cd4dd4dbe87b3670afb40e##system/lib/libart-compiler.so
ed776d3de776bfa5c39436942036c40b##system/lib/libstagefright_soft_aacenc.so
4661d9a40ff412a5ef3150296c6c3410##system/lib/libtinyxml.so
b8da321d1ece8f79c96d36d45ce188d3##system/lib/libspeexresampler.so
d15073df35188724c7330adcabb72fe9##system/lib/libstagefright_soft_opusdec.so
5eab63246f774ed148ddb3019c9371e2##system/lib/libRSDriver.so
9336b6174a2eca96f06fd97b3f888ab8##system/lib/libGLESv2.so
d2198ad462f0141213a0dd278e041fc9##system/lib/libminijail.so
b2affd4ba2fcaf3af127da93ea526441##system/lib/crtbegin_so.o
4254d4e298587c3450cdc245cec4ccb6##system/lib/libchrome.so
bc9958b14ca5816e0e4eb97cf9be2ab5##system/lib/libsuspend.so
6c1d670f7f721b1124e3e9380e6b855b##system/lib/libwebviewchromium_plat_support.so
58c51a35ac0de7a9c2e55b3f9f52ffca##system/lib/libmemtrack.so
21b9f9f182ac0de8991d2751d6593cba##system/lib/libstagefright_soft_vorbisdec.so
9f725709c219320b241e8f683f32aea7##system/lib/libsigchain.so
98bb1e331d1b17d53dfa98a2acb2ce6b##system/lib/libext2_e2p.so
18d597a6a5c8a3ec588e4dfa39b876c8##system/lib/libsonivox.so
278e6249290093666d742f3348f4e37b##system/lib/libext2fs.so
83fb285c0e05a4c007938d7f4369b744##system/lib/libsync.so
e3bad8521270f238805417d00bec3e73##system/lib/libsysutils.so
cf2413e2794c081d22881c55371c8db2##system/lib/libaudio-resampler.so
c36516bca9442d7a159b53be990430f3##system/lib/liblog.so
3301cff0ac20f3d9ff0c9635a50cb4a9##system/lib/libnetutils.so
4259b76d934dc696261b3d9e765d8b5c##system/lib/libstagefright_soft_mpeg2dec.so
c6091c247f2fd61108d17e269a714f66##system/lib/libstagefright_omx.so
69c8fda9d918162a557a2a6a1e5cce26##system/lib/libstagefright_wfd.so
c5be0b7e490ab5691721689cb78f6c11##system/lib/libsurfaceflinger.so
e64813941c97b1021b72cfb27e41702d##system/lib/libnbaio.so
8b0a78099bbaf5f54dc03a5f9b58fbad##system/lib/libstagefright_avc_common.so
741dc325fd6aea7744b2560f090b22bd##system/lib/libz.so
6b5d89e94e7d4a634a9c2403e22c27ee##system/lib/libalsautils.so
63130afcd677fb1d627f1860db4dce5a##system/lib/libtinycompress.so
d0b7bdd05df32c9b771c7a638b808c06##system/lib/libfilterpack_imageproc.so
843b13c73e3eab9adf28186f28e01242##system/lib/libaudiopolicyservice.so
bab0024db8d286c1339de020515b99b4##system/lib/libevent.so
48134f28498a71cdd52395a4703f1def##system/lib/libmediaplayerservice.so
6b401c0f2316937df22111521ceea196##system/lib/libmedialogservice.so
fe929ffb8749bb5412ea1b1761731c0e##system/lib/libstagefright_soft_amrdec.so
d26a98b335a383dd63ef5a2950c59dc1##system/lib/libwilhelm.so
58556fb7e90a610eea79135777488265##system/lib/libmedia_jni.so
6bb71e5d7345f0a36cd874bf0c8fb367##system/lib/libstagefright_enc_common.so
2524f3931d53285fac3eb805c863382a##system/lib/librtp_jni.so
6fa05b6c32900a6f1c227134a37c3de5##system/lib/libprotobuf-cpp-lite.so
bbd86acfe8e1f706bfb97790f11515ec##system/lib/libLLVM.so
3a3c92d71e399de7b13d95b2dc3b4eab##system/lib/libvorbisidec.so
62460307cea31e2767f2228e9deb0f1a##system/lib/libbinder.so
8bfb21e1ca558e06ed83b079ba9f5ba3##system/lib/libaudioeffect_jni.so
f12eb4c687f7c20799ecacc5fd66eefd##system/lib/libpixelflinger.so
cd157218b0d5e3977fa9983b18390d23##system/lib/libhardware_legacy.so
21f674d8589d36f7e94809532359bc86##system/lib/libstagefright_http_support.so
3ef42848438d8a6e4b4975b43588cd75##system/lib/libbbk_speedchange.so
ecee68ee3df50d0608a9215bbe77a65f##system/lib/libandroid_servers.so
7517944d518c1dab3ab4183d4179cd35##system/lib/libwifi-service.so
23156b4ab2461e05cff6f529b3b6c608##system/lib/libm.so
4e64bf5d997bc4c5d15eec92eafbf99e##system/lib/libnativehelper.so
7b098c2865b03b4398782216a0406559##system/lib/libnfc_ndef.so
3eaf247ffa7304f705a69b6a506f929f##system/lib/libRSCpuRef.so
622abc4b5646406b78441e4e6482f28e##system/lib/libwpa_client.so
5d5b95e3628cf434ae50179debdbf905##system/lib/libicui18n.so
98b936cdd5e4bdf405e06e5cb76d1c40##system/lib/libjnigraphics.so
c92b718262c3126792035cd129418dd0##system/lib/libsoundtrigger.so
fc4c5a8ea7542172e2498f0f9cf99b6a##system/lib/libbase.so
12a3590e6c2d72eca3e8391cdbdb70d5##system/lib/libinputflinger.so
5fb1c816f7922a742032cc2b003d598d##system/lib/libpiex.so
d414bed07eb0d4cbe9bdf6a1da3d6911##system/lib/libclcore_debug.bc
0146e6f590f5d66e5bba433f191b8c75##system/lib/libwebrtc_audio_preprocessing.so
c80823fd8cd9e34b72fa2b04e4cc0f0d##system/lib/libclcore_neon.bc
0742ca227b3ae40d0cd76cda8b760358##system/lib/libhardware.so
a00792c949d651ec6ac380acb6eccf1f##system/lib/libstagefright_amrnb_common.so
f23007c7de8a2817f779493bde0c69db##system/lib/libprotobuf-cpp-full.so
af71f4e72ff87cba053c5dabb8a8b442##system/lib/libmediaextractorservice.so
a31df134537f410f7fdf8fd82cde6b40##system/lib/libstagefright.so
78e810b7f663b1344d68283b9e0b4e1d##system/lib/libEGL.so
755451933ea4e03ba2c10d4c9870bcd7##system/lib/libstagefright_soft_amrnbenc.so
8f4599d9558b53b45e107dd186ba121b##system/lib/soundfx/libreverbwrapper.so
a9529b0c9e2358c579674ee3b97ef88f##system/lib/soundfx/libdownmix.so
4b0c5f0c2a79471df4d06a0a34e8a1bb##system/lib/soundfx/libvisualizer.so
055d5d41cfc92cbe50f57c0b02c34e87##system/lib/soundfx/libldnhncr.so
82903aa25667edfcc6993068a6801777##system/lib/soundfx/libbundlewrapper.so
4671f1ec2f84b15e3dd2aaf148f60f8d##system/lib/soundfx/libeffectproxy.so
ab6a0e2953ceeea4f1550b6bd54e1adf##system/lib/soundfx/libaudiopreprocessing.so
999b7cc25961cf4f8d4635b44c2040e7##system/lib/libfs_mgr.so
0a953b13c0e95257cdf17b8bf7ad2698##system/lib/librilutils.so
1f3460545f26fa8da61f7e3660786436##system/lib/libaudiospdif.so
f1589334df6478e48ad7fdf52b96c049##system/lib/libstagefright_soft_mpeg4dec.so
2dd3698cb1f58341e00a6574a580498f##system/lib/libcompiler_rt.so
2a66b543c7fa043ad5c7ad27c4af5af4##system/lib/libpdfium.so
4130a39cee2536e0f0f564877bec842d##system/lib/libserviceutility.so
16b688a1833189ab567b31ed9ad8dcfe##system/lib/libskia.so
6321dc70239fea594722604fdd561b83##system/lib/libimage_type_recognition.so
86f6f3db4b4182b7dc6f511d22af2c7a##system/lib/libdrmframework_jni.so
5ba32bdf0e674f0609a4537d874ca404##system/lib/libicuuc.so
a9f272b895a6580224d31ad3f7cae49b##system/lib/libcap.so
791b28e512ec0d287662fc7ed06a88e6##system/lib/libvulkan.so
947a80fe10fe6412a1dae3cf0adc6feb##system/lib/libstagefright_soft_avcdec.so
4529653d50bff7f3d48fba32e8498b02##system/lib/libstagefright_yuv.so
e52c744a515f6bb3678d1e8d2f9affd5##system/lib/libclcore.bc
4a55fb2afbf8e6f7a47e758a8bb1f724##system/lib/libpng.so
ae55606c84c0d5dc86bd0762568fb0a0##system/lib/libstagefright_soft_flacenc.so
e134807b39684f8fa0a4fa710da38b9b##system/lib/libinputservice.so
8d8c3d35db2656f23f8653d3cd357e36##system/lib/libmediatek_exceptionlog.so
5617b867fc3b5c00f2ccb6a4ade14d64##system/lib/libdcfdecoderjni.so
8ded4b226008e349c6d8c58cd8a2a24a##system/lib/libbcc.so
1dba0cacbb91867263cf4d595a4fa536##system/lib/libunwind.so
f5cae637d9c9f98e2282bb1a51d14b6b##system/lib/libFFTEm.so
0b8162b8e713bffc6534cb1631a5dfa5##system/lib/libstagefright_soft_avcenc.so
51a93d40807056daf94b2a4268c3f715##system/lib/libmedia.so
30abc313a27ccccb549124296b1e0beb##system/lib/libcamera_metadata.so
d11a1451e19b6a8b71396e56205ca372##system/lib/libart.so
fb358eedc8e378ece20d52866ef3aac4##system/lib/libext2_profile.so
26027026ebd377f7d762d3feaf615f31##system/lib/libgabi++.so
8177c2c9857738a962ee979fb4bbbbd1##system/lib/libblas.so
95bc27b41bd94639ca497b517b7e300e##system/lib/libusbhost.so
ac270c48517033b7288f9e83c563ac30##system/lib/libRScpp.so
0419e5d4655c9223fae563380b03a770##system/fonts/NotoSansCoptic-Regular.ttf
a7e484743f6796f092cd859819cb5fc8##system/fonts/DroidSansMono.ttf
04aeeb912a7c24fec7d3600138dd98c6##system/fonts/NotoSansGujarati-Bold.ttf
a98b240de04975191c61345e5cf7ab87##system/fonts/NotoSansGurmukhi-Regular.ttf
cdcc12859d807b38d15476b9b6e6af14##system/fonts/NotoSansKannadaUI-Regular.ttf
ba703228879107870a3959c1a4428c7b##system/fonts/NotoSansGeorgian-Regular.ttf
cef513a4c6e76a53d31b40239638b482##system/fonts/RobotoCondensed-Bold.ttf
f9c990b85ea62adbf46528bbec179e8a##system/fonts/NotoSansLaoUI-Bold.ttf
57fd881a553cd133d173a9ef44b3ff8e##system/fonts/NotoSansLepcha-Regular.ttf
392c9689a6b3c9838c83ae4d1df55bed##system/fonts/NotoSansTamil-Regular.ttf
a701bff8be8a6736f8bb710bc48bc410##system/fonts/NotoSansBuhid-Regular.ttf
911c42355d826c9693d9329b6ece195f##system/fonts/NotoSansKhmerUI-Regular.ttf
39e92c291be9d9cffe48076bc33a638c##system/fonts/NotoSansCherokee-Regular.ttf
86aadd0451f9e7dafa957e1e61dd2ed7##system/fonts/DancingScript-Regular.ttf
989390ed882e84a92c756d55ae837127##system/fonts/NotoSerif-Italic.ttf
78b2cffadc2bd7abfc3b47013d42d5dc##system/fonts/NotoSansTeluguUI-Regular.ttf
fba31791e516bb18fe8c921757eb586f##system/fonts/Roboto-ThinItalic.ttf
bb3b73980790cb39a5fc971476a4e7ca##system/fonts/NotoSansThai-Bold.ttf
5459e0903146e76f5e5c6d11782174f1##system/fonts/NotoSansBengali-Regular.ttf
522c4e3918fb2c47de7705c8f411ff8e##system/fonts/NotoNaskhArabicUI-Regular.ttf
dfb08fd5d05df673e0b14455dabf0c95##system/fonts/NotoSansNewTaiLue-Regular.ttf
8c263acd17b5278a782bf394f2046928##system/fonts/NotoColorEmoji.ttf
43f1d847007fd8c5bcb4309ba4402ce0##system/fonts/NotoSansKannada-Regular.ttf
01fd419ef5a8b73fa29a70f1ac207f81##system/fonts/Roboto-MediumItalic.ttf
cedbcecff2d4a39f265a38fe7bef672c##system/fonts/Roboto-Light.ttf
b4810256863c542515f6487a83d6d3f3##system/fonts/NotoSansBamum-Regular.ttf
f735703f22ccec1527cd1c5f3a1b1352##system/fonts/NotoSerif-Bold.ttf
21c645df7b66b9ceb659a2dfe815c7e1##system/fonts/NotoSansYi-Regular.ttf
015224cd3fb644263f7c29ba6845378e##system/fonts/NotoSansGujaratiUI-Bold.ttf
107e162a3f810738b30339bdeac206b0##system/fonts/NotoSansTagbanwa-Regular.ttf
83eaec1340619b1b67b613202b8c46bd##system/fonts/NotoSansDevanagari-Regular.ttf
f671f2e164ffb6e336d2ad730d8a9024##system/fonts/NotoSansLao-Regular.ttf
805d509a198a8bd12376f728d9650c9f##system/fonts/Roboto-BlackItalic.ttf
7398fef7cf2183617a015c1f4a02aa12##system/fonts/Padauk.ttf
1af892d6aa831476f81c82a4d4d2175e##system/fonts/Roboto-LightItalic.ttf
8a02481ea31462642016b6f35d8bd501##system/fonts/NotoSansMeeteiMayek-Regular.ttf
a03f39e2b976fdb59600bb35780191ab##system/fonts/NotoSansTaiLe-Regular.ttf
c982fd6968d9a66ee2b6919b62e6b9fa##system/fonts/NotoSansEthiopic-Bold.ttf
831435093cbbe48e018adb9ffdc73fd0##system/fonts/NotoSansRejang-Regular.ttf
f3a7a08b9b34fad2b78c69bbf818c88e##system/fonts/NotoSansGlagolitic-Regular.ttf
cbab6d4b56c595835af93da22b2cd487##system/fonts/NotoSansCham-Regular.ttf
6486869f8842440cd415370d1921d2fe##system/fonts/bbkDroidSansFallback.ttf
a79de709bb45db8a20eda2f7a93c1aa2##system/fonts/NotoSansSaurashtra-Regular.ttf
ada3cb17734b15d0df0e2e39b19d43e8##system/fonts/NotoSansOriya-Regular.ttf
5b88b82ea29712e6b8d9dccdca0ed7ce##system/fonts/NotoSansGujarati-Regular.ttf
51ce44cbbb75699d113c51fd4c8a3a1c##system/fonts/NotoSansMyanmarUI-Regular.ttf
d0c6f8bde750137b3c83a8c43fdf636d##system/fonts/NotoSansKhmerUI-Bold.ttf
0f2c932487e7022b355aaacd4cad29da##system/fonts/NotoSansDevanagari-Bold.ttf
39507f4d5b94eb80cb158141df789227##system/fonts/Roboto-Regular.ttf
ee8c6a154b7470d2dea82e8be5b89dbc##system/fonts/NotoSansKhmer-Regular.ttf
2d9f101d2f8f149874e118fe01f0ec55##system/fonts/NotoSansGurmukhiUI-Bold.ttf
af3ef13fd30bbb9476a2f09c892ee3eb##system/fonts/NotoSansMalayalam-Regular.ttf
3606435fd949a6007a0a7270dc555736##system/fonts/NotoSansHebrew-Bold.ttf
9803bc3c7a31854bfb260568edd5e356##system/fonts/NotoSansMyanmar-Regular.ttf
04f882ebe666da30493c823c2d08b98b##system/fonts/NotoSansMalayalamUI-Bold.ttf
5e9a637f1a3eab421ab23ff3f016b267##system/fonts/NotoSansThaana-Regular.ttf
b1fde458b8ab677d6d237ae0b417edc0##system/fonts/NotoSansTifinagh-Regular.ttf
4be5d4ee0c2a2c5fae6418c2c3c14af2##system/fonts/NotoSansThaiUI-Bold.ttf
043d82953de90fd01aaac7aab05866da##system/fonts/NotoSansTaiTham-Regular.ttf
2489f62970a73e2fb5a616e836d6c532##system/fonts/NotoSansKhmer-Bold.ttf
81f7debe1425f6b2b354281cd15aaaf8##system/fonts/NotoSansBalinese-Regular.ttf
322eb538ab2fda32f2b14e6fbbfab54e##system/fonts/NotoSansKannada-Bold.ttf
b16c6f33ca5fdae5bb5bc4477ea646ca##system/fonts/NotoSansLimbu-Regular.ttf
6590dbcb44d83b4966c318eab4b7045e##system/fonts/CarroisGothicSC-Regular.ttf
e2dc3ccc4c90900ca46527ef054f5d11##system/fonts/NotoSansMalayalamUI-Regular.ttf
6ab6f85a709e103ab69d7151b4b1e131##system/fonts/DancingScript-Bold.ttf
b3bd4dc0ae46e36d9fb58d25d4b2066e##system/fonts/NotoSansBuginese-Regular.ttf
caa9defcadaf36d00504c9159e419216##system/fonts/NotoSansMyanmarUI-Bold.ttf
edb03af1c469623af2920b798892f5e2##system/fonts/NotoSansJavanese-Regular.ttf
dd65ae5d7ab055d3ed8f21618239008b##system/fonts/NotoSansTibetan-Regular.ttf
cf6d2c7ee68fb8de0ce183d26a6dbf14##system/fonts/RobotoCondensed-Regular.ttf
bbbc01f9f45d69b9409901b28f9e89dd##system/fonts/NotoSansSymbols-Regular-Subsetted.ttf
55cd5a91b01e2787686bd4a1e91e00cf##system/fonts/NotoSansGurmukhiUI-Regular.ttf
f0cadad4e3eef9c8b50bd97d14dbeb0e##system/fonts/NotoSansMandaic-Regular.ttf
57f4016a4459dc65edd1608e58b43d51##system/fonts/NotoSansTaiViet-Regular.ttf
12eef7ed538718acb2df31e9aa5c1578##system/fonts/NotoSansArmenian-Bold.ttf
0a996127203f2724f1eff3945a472fbc##system/fonts/NotoSansSinhala-Regular.ttf
b600be022536c04799ae771ee0dd18ad##system/fonts/NotoSansThaana-Bold.ttf
07bf407c0fbe8df19a5357480f5803a5##system/fonts/NotoSansKayahLi-Regular.ttf
ceab8c19f43d3701452e3014531b4192##system/fonts/Roboto-Thin.ttf
4dccd307579efc3d9eb44c52b67b1355##system/fonts/NotoSansGujaratiUI-Regular.ttf
dcdff1fb533009e0c562ef3502ba6af1##system/fonts/NotoSansThaiUI-Regular.ttf
251176564954c215df60479fd917828d##system/fonts/NotoSansSyriacEstrangela-Regular.ttf
14c3a6f13cc16576a97b80b380dbe022##system/fonts/NotoSansSymbols-Regular-Subsetted2.ttf
df836c5824926d0e7cb56b669d8109de##system/fonts/NotoSansCJK-Regular.ttc
0473f942398a2decb7f67537404fecf9##system/fonts/NotoSansTamilUI-Bold.ttf
9fdbbab94c9b0ff1c3ef7f74b77435e0##system/fonts/NotoSansLaoUI-Regular.ttf
06d4b916190e98849c3afe6ca32ee1d3##system/fonts/NotoSansTamil-Bold.ttf
d467d3e6a9adfaf0849d50b9d48d2df4##system/fonts/NotoSansNKo-Regular.ttf
810b8b2a15b0da839959d5d27eb7810f##system/fonts/NotoSansThai-Regular.ttf
23b3f81b9c9070e6f9856908a931a586##system/fonts/RobotoCondensed-LightItalic.ttf
4148e8606ca3345ae3f4c9f828562d15##system/fonts/Roboto-Medium.ttf
ed8ae697764ad88a4f99a5d336830bf5##system/fonts/AndroidClock.ttf
76e6483da641056c2de6f57ccbcfa545##system/fonts/NotoSerif-Regular.ttf
a6bc437bb9074aecd3137561d26c000f##system/fonts/NotoSansBengaliUI-Regular.ttf
b14640629d13917a79ae5215dcece686##system/fonts/NotoNaskhArabic-Bold.ttf
def3a23b7c0e4e607f5a1f43a33cc4b0##system/fonts/NotoSansMyanmar-Bold.ttf
09d27745e33c71610e7fb6f567f8b19b##system/fonts/NotoSansTeluguUI-Bold.ttf
dac84505c9859076d1fa8b8b2e123818##system/fonts/NotoSansHebrew-Regular.ttf
3447da564c7cf286b7d7da2bcf602c8a##system/fonts/NotoSansArmenian-Regular.ttf
805ea48acb87e92e95ed366fa659e5cd##system/fonts/NotoSansBatak-Regular.ttf
373ce38a19337b0c44d711d22b5075ff##system/fonts/NotoSansGeorgian-Bold.ttf
5041b07a6f5e183cf1efe0e4a64598da##system/fonts/CutiveMono.ttf
ea67acda07ff0ffc05b36ce0f94f483f##system/fonts/NotoSansLao-Bold.ttf
d5d42c2507fa01d4fbbaca233192a1ba##system/fonts/NotoSansVai-Regular.ttf
6aa964776750776c232ff2f38afc83df##system/fonts/NotoSansGurmukhi-Bold.ttf
7c67dcc0c4b4dc8ceb1afd61dd71845a##system/fonts/RobotoCondensed-BoldItalic.ttf
dcf628f6a96d050d6943492fad1b591c##system/fonts/Roboto-Bold.ttf
dfee0f86a751cb9ee4f297ddc13219b5##system/fonts/NotoSansSylotiNagri-Regular.ttf
3a3f590273772b51cf83facac6c97645##system/fonts/NotoSansDevanagariUI-Regular.ttf
35b448f0f14e3d75b80d46f816a1a051##system/fonts/NotoSansKannadaUI-Bold.ttf
f3e4f04b598f7c6ff1b177522b840146##system/fonts/NotoSansCham-Bold.ttf
9833fc877c33d02454724ac81499a7ba##system/fonts/NotoSansEthiopic-Regular.ttf
4896fc1571375f3197b9506480e46b17##system/fonts/NotoSansTibetan-Bold.ttf
1890b9df6275e567e0d61018e15b4a20##system/fonts/NotoNaskhArabic-Regular.ttf
10371eea6838734f8b6c32ff91872060##system/fonts/NotoSansOlChiki-Regular.ttf
1c43e4f8fa3e438db1b5bacdcb11031c##system/fonts/bbk_Roboto-Regular.ttf
6cfbb863e5b33a17f91a668e6a272bbe##system/fonts/Roboto-Italic.ttf
8931c84910863707c31ff6505462a007##system/fonts/NotoSansOriyaUI-Bold.ttf
506df032344f50f3e342014dce3282a8##system/fonts/Roboto-BoldItalic.ttf
1a9b492b832ba7c1e30e4c8027c83ce3##system/fonts/NotoSansBengali-Bold.ttf
a24407c5eca2e2a71c480d3b3c563e29##system/fonts/NotoSerif-BoldItalic.ttf
afc602333f49117e590f39bf47395991##system/fonts/NotoSansBengaliUI-Bold.ttf
df92c340ba8c12aa6db0c9ead41eddec##system/fonts/NotoSansSundanese-Regular.ttf
14d5c13e823675ed01a35a9941c7e0bd##system/fonts/RobotoCondensed-Italic.ttf
9e5dcf0cd97205835158aa0c1b8e1a5c##system/fonts/NotoSansOriya-Bold.ttf
82433dfa48ca85b8cec05e5a2124bf82##system/fonts/NotoSansMalayalam-Bold.ttf
4b437633d3778b2c1f470c132b715479##system/fonts/RobotoCondensed-Light.ttf
b725dbda641c4ce1819327f6246232a2##system/fonts/NotoNaskhArabicUI-Bold.ttf
00365c646012192cf4996babaf2b5cf1##system/fonts/NotoSansSinhala-Bold.ttf
4a4d361134738da0966e4752a4e4e4e0##system/fonts/NotoSansCanadianAboriginal-Regular.ttf
6fb679df5cc62d1f0626cc2ab9c029c4##system/fonts/NotoSansOriyaUI-Regular.ttf
972a16f7d42c9034c967051ca4ab4391##system/fonts/NotoSansHanunoo-Regular.ttf
7cb3840e09bff73da477a8095f675749##system/fonts/NotoSansLisu-Regular.ttf
9cf0eed211ebca2ee0f3a18b8ed2fb83##system/fonts/NotoSansTelugu-Bold.ttf
f1ce0686a2d1259586c9e9d34fa82697##system/fonts/NotoSansMongolian-Regular.ttf
32b671dc945dafc38c2b71be05579e56##system/fonts/Roboto-Black.ttf
5da7c869569f333cf835fc9f4ada01c0##system/fonts/NotoSansTelugu-Regular.ttf
8776462e915fda3bdbe2f16a17b58a31##system/fonts/NotoSansDevanagariUI-Bold.ttf
14587024e0ab7112ada887381b93400b##system/fonts/ComingSoon.ttf
da6ef24075ba41761c0bef4e3d0cb456##system/fonts/NotoSansTamilUI-Regular.ttf
ed2129d3571062dcb44b668382a15696##system/etc/init/atrace.rc
725f8d7ef82b3cf681e791542ee969aa##system/etc/init/keystore.rc
521c5f4fddc73e36d7c184718ddce065##system/etc/init/servicemanager.rc
06ae52fdde7a1ad7ef3bf2fbddee2b11##system/etc/init/uncrypt.rc
1a7442e9de3d7761a219c24bbc0ac970##system/etc/init/installd.rc
bac61d7f28d4e5da52831ebd503a2603##system/etc/init/racoon.rc
257d467d809fadf41eb5d07ca584cc99##system/etc/init/netd.rc
9515b660aba21d27f2fc9b548be42272##system/etc/init/bootstat.rc
3b02e724180388e41c65e7119103e7f1##system/etc/init/audioserver.rc
8ccbed1e70f81d2dec364f98a1bb6569##system/etc/init/drmserver.rc
8f5614dd78c9842f1171c02332af14f9##system/etc/init/dumpstate.rc
68b97c8912e2db1a4d518d65000ba958##system/etc/init/mediaextractor.rc
6d0130bc1b21fb700d5606eefdcc9270##system/etc/init/mtpd.rc
5cff588553b0bacbd4ac1e8e95fed3f4##system/etc/init/mediadrmserver.rc
bc838d5332023b28175662bb053fb1de##system/etc/init/lmkd.rc
c1caf795d37fcc8dd8deb3df7a7a8dc6##system/etc/init/gatekeeperd.rc
4d8e8f0394dffb2fd265441740a7b54b##system/etc/init/mediacodec.rc
1ca4ef929bda84f93935cac7bd58508f##system/etc/init/surfaceflinger.rc
ce91dbc629e04d3d6221e12de32b7840##system/etc/init/mdnsd.rc
8f6dfdbe815ca80ddff6e912c2336403##system/etc/init/vdc.rc
eb39e5c7a22d013344a4779dd4c13c2a##system/etc/init/bootanim.rc
5986e7db2b111a63554917828e09a807##system/etc/init/mediaserver.rc
bea8607032d806db95c42af6a3106299##system/etc/init/debuggerd64.rc
fcfbb7c44682a5042891fe00b4454924##system/etc/init/logd.rc
37d4deaf600d7d44688026c54bddd311##system/etc/init/debuggerd.rc
986de027561eb4f95b2fe7c33c5b538c##system/etc/init/vold.rc
bcc1a6e6185fe34fa0defdc6e23c86f7##system/etc/init/cameraserver.rc
031babead4ad0e1288cad331f05992a6##system/etc/NOTICE.html.gz
667c4533039927a6842bd75b9bede71f##system/etc/media_codecs_ebbkffmpeg.xml
70409fe61bb226314456e2a35a51bb0e##system/etc/security/mac_permissions.xml
c9595113ee2d3249e059dcf9439b003b##system/etc/security/cacerts/3c58f906.0
de0ce4d3e292562f252a23f450133e98##system/etc/security/cacerts/bdacca6f.0
7248fd7e95dac4988685e322e0da354e##system/etc/security/cacerts/7a819ef2.0
6330c7aa8bfd12c414741bfd8053c729##system/etc/security/cacerts/1dcd6f4c.0
89235f6f3f71b58fb67d7d425ba484e8##system/etc/security/cacerts/82223c44.0
0f772d52b59fcaae60ee5ee7557f7a0d##system/etc/security/cacerts/3c6676aa.0
d8398a93672774543216764222901ebd##system/etc/security/cacerts/3e7271e8.0
d42e997369f72b04a8ed04461771025d##system/etc/security/cacerts/86212b19.0
357a094bc9548c106563388ed99788c4##system/etc/security/cacerts/52b525c7.0
1709a370165285b1661759cc0084d888##system/etc/security/cacerts/6e8bf996.0
9b288ca0c11ea69051cb7266cc2fe77d##system/etc/security/cacerts/7d453d8f.0
515d9c6729eb4741b0ef6178e133e031##system/etc/security/cacerts/c491639e.0
c1711f435cb3061ba3cd9d4161fc12bd##system/etc/security/cacerts/2d9dafe4.0
3987b280f4aee8830b06b4c6707a78dd##system/etc/security/cacerts/12d55845.0
1026710468f203cad26a0598e215fe13##system/etc/security/cacerts/fde84897.0
4e6e4196ff0889d105a626c4e732816f##system/etc/security/cacerts/a81e292b.0
6296b1ed7e08531c4ed2cc328c249ce5##system/etc/security/cacerts/9ab62355.0
c5b30df3c77c2b4b18cd82d37825a923##system/etc/security/cacerts/9dbefe7b.0
bdfb477e2c6ea5e66cde539891fbf662##system/etc/security/cacerts/455f1b52.0
df8278655860c6800950a0fab3ba0a37##system/etc/security/cacerts/c7e2a638.0
a53acdddcb6e718720a12fcd5e9060f1##system/etc/security/cacerts/3c9a4d3b.0
589845add13cb392e5644df2d006d7ad##system/etc/security/cacerts/524d9b43.0
12b3455d7712bda4fa1556902381b6d5##system/etc/security/cacerts/3ad48a91.0
ad8769f7c20a31f76ddfe6ec56409c89##system/etc/security/cacerts/c90bc37d.0
61bbe7cedaded834ad133f44537953b9##system/etc/security/cacerts/17b51fe6.0
0bbd98912187ed7dc4a8be57f2cfc88b##system/etc/security/cacerts/a2c66da8.0
7402776f1070ed28464bf2b04c5b32e2##system/etc/security/cacerts/124bbd54.0
d9a70ca47b7f58c1fc79e00f0317aa76##system/etc/security/cacerts/dfc0fe80.0
044cddbc4b3bc99fbe63cde75eacb33f##system/etc/security/cacerts/1e8e7201.0
5c5801a5eccb523138f6e4e65557a3c9##system/etc/security/cacerts/4e18c148.0
c3d62fd17aed7bdb3965bcc300e45153##system/etc/security/cacerts/961f5451.0
b31040aa708569a5e78f8df0eea362ff##system/etc/security/cacerts/9685a493.0
f73feebcd043bd2a76b2c30935540884##system/etc/security/cacerts/052e396b.0
cd075625e134ee1485f2f641a181d7d4##system/etc/security/cacerts/9772ca32.0
03fa69e6acd7edd446cc8f34412fd29e##system/etc/security/cacerts/a3896b44.0
5b23c84f40ef1bc5d61e8d4ce5d4c54b##system/etc/security/cacerts/f80cc7f6.0
3016c03d150e9df9188857d7e5205926##system/etc/security/cacerts/40dc992e.0
f669641e072587f10b37660a0c4346e6##system/etc/security/cacerts/3d441de8.0
59f337c431b2cd638f2d1d50f15fe3c3##system/etc/security/cacerts/a7d2cf64.0
d01a218c6575ca3a3f1bff345eef999b##system/etc/security/cacerts/00673b5b.0
70fe0cd4008ee9004d947cf47f626e12##system/etc/security/cacerts/08aef7bb.0
3b6a4f5f95c868652202420949560a71##system/etc/security/cacerts/ea169617.0
957b05da53bc671406febe630d7f56f4##system/etc/security/cacerts/b0f3e76e.0
595a3d427111c05ca6157eec011147e1##system/etc/security/cacerts/1eb37bdf.0
251c4db3c7e4817a35419c9e18693edd##system/etc/security/cacerts/1676090a.0
ffb6d0b37abd5d7c75e5ea4e4ace650c##system/etc/security/cacerts/bc3f2570.0
8f1e5e2a49540dbaceac824087e2314a##system/etc/security/cacerts/57692373.0
15b742dbbf495aeb9ec5aa34df4419ed##system/etc/security/cacerts/3a3b02ce.0
9336416ab2c962b3f6f742311ec6fe7b##system/etc/security/cacerts/fb126c6d.0
6408d26c8413184dda851528a5491e59##system/etc/security/cacerts/9339512a.0
b239c2407b714599c13638517c463825##system/etc/security/cacerts/3c860d51.0
5224441ba00c02ca3061fb6985df6232##system/etc/security/cacerts/d18e9066.0
04501eafee8b945b52108a6404fd172c##system/etc/security/cacerts/119afc2e.0
d5826267a713df49207505ca9bc57296##system/etc/security/cacerts/33815e15.0
98ce66f5d5cd222f9b0e200b799a154d##system/etc/security/cacerts/a7605362.0
dc5959e69d268dfa83046e764659ff3e##system/etc/security/cacerts/9f533518.0
c0ca05d4b72c1cb43032a9f9c919373f##system/etc/security/cacerts/ed39abd0.0
6aefe791340f778a1fec504c555d863e##system/etc/security/cacerts/d16a5865.0
fa3b51d1c60b94af7ab9537d452ad669##system/etc/security/cacerts/d7746a63.0
4d31a67cb652a426582c06eba913fea4##system/etc/security/cacerts/6645de82.0
614940c426cd234ceac07e982b1ca9fb##system/etc/security/cacerts/1df5a75f.0
654c5797e83409902a755333a6d2cce4##system/etc/security/cacerts/343eb6cb.0
bb434da8b2a3da2a0e0ee67ae16598be##system/etc/security/cacerts/1e1eab7c.0
eb235faf8de54ddc6326c4522c8a196f##system/etc/security/cacerts/76579174.0
13b86a4a4372c2ebda416a584d2dc7e1##system/etc/security/cacerts/418595b9.0
8a5e6b48c3cfa7382ad2c4fa138cf33a##system/etc/security/cacerts/fac084d7.0
b4bc06aa19459f37321cfee6cd45d113##system/etc/security/cacerts/23f4c490.0
9ce8f2d2cae2bd75bfbac8b277d74f68##system/etc/security/cacerts/e48193cf.0
b0c8cc050ee556bead7f71d3136186ba##system/etc/security/cacerts/e442e424.0
2e13ce7ddab11fd4cacee84a9af17e02##system/etc/security/cacerts/c51c224c.0
b6dae6f369737e2967da37eca8bc6d82##system/etc/security/cacerts/58a44af1.0
2986e440254ca1f333447b8aa9466e41##system/etc/security/cacerts/4be590e0.0
92936c1dc1c972b2d66219aca26aaa00##system/etc/security/cacerts/85cde254.0
c31d3f5083330f3a4952586d6f53b3c2##system/etc/security/cacerts/d06393bb.0
bf0c01469891668321a677e0a40f35c6##system/etc/security/cacerts/bf64f35b.0
2bd93c3f809be13bcc5b67df6715549f##system/etc/security/cacerts/b872f2b4.0
d645fa548e3ec3d88b6e1fb3ee4b858b##system/etc/security/cacerts/b7db1890.0
6b833e3a25c29e0c8f7e8d7acaa40514##system/etc/security/cacerts/d59297b8.0
5e3e2fa126bcf161de369ee5fbbbd65e##system/etc/security/cacerts/9576d26b.0
04092c9512b36fc8cb3374c8daf04595##system/etc/security/cacerts/67495436.0
9f00ed81d30f3dcb92731b331ad1696a##system/etc/security/cacerts/e775ed2d.0
d2d385c05831a735319e3f9eb5a5d706##system/etc/security/cacerts/b3fb433b.0
a4445d5baa0a40425d1c265aa917684c##system/etc/security/cacerts/33815e15.1
ef59307dac30e26e2cce04abefe09789##system/etc/security/cacerts/e268a4c5.0
a5dec792aee3924ff1a54f319277ba9a##system/etc/security/cacerts/02b73561.0
fe1ae18f639521b7b47a0c1f3c1e156f##system/etc/security/cacerts/5cf9d536.0
2011ecb29c8f524ce4d69c320f0334b8##system/etc/security/cacerts/2fa87019.0
e6a9cff7fb204f3f9677d19a98972cee##system/etc/security/cacerts/21855f49.0
5cf93fa93bb2115e5c5257252e6bff41##system/etc/security/cacerts/219d9499.0
92377c247ff92cb40a457bc9debab213##system/etc/security/cacerts/e60bf0c0.0
e6bd8a68ddf59e996deef6233a1564ea##system/etc/security/cacerts/5a250ea7.0
400624d57ea617daba05f702c752e03a##system/etc/security/cacerts/6fcc125d.0
bfbc8be07df42b9ca0d52709676dbec5##system/etc/security/cacerts/b0ed035a.0
292f6576e50a81ebdf92e868b7c01fa5##system/etc/security/cacerts/03f2b8cf.0
31c7052c8f158f56452b0da6ce5309fd##system/etc/security/cacerts/ccc52f49.0
cb96637d51aac4ce4d219ee46eb3998b##system/etc/security/cacerts/35105088.0
a8a64638ea9c392553a5175ea05c7d45##system/etc/security/cacerts/63a2c897.0
295f17a9e3eae326c6dce77d996175be##system/etc/security/cacerts/d66b55d9.0
364985656bab092046912b65db5e3ca2##system/etc/security/cacerts/91739615.0
15b0c7611ebd39fc033c4186fb197851##system/etc/security/cacerts/111e6273.0
a6d52679609faf7fff4fe11a90026c34##system/etc/security/cacerts/69105f4f.0
5d86b9047326ab7a3d5805a4c5b5dc7c##system/etc/security/cacerts/0d5a4e1c.0
2c98e51d1b80043bcf7ee46d711e2e28##system/etc/security/cacerts/262ba90f.0
a125a10c597bcba1bd15aff63485f2b9##system/etc/security/cacerts/89c02a45.0
36795bdbd93b79cab245aad890d0c935##system/etc/security/cacerts/1f58a078.0
a4475ba4cb91894983fa022af9809632##system/etc/security/cacerts/7999be0d.0
bb8e022d1537b9af463d1e34f065765c##system/etc/security/cacerts/450c6e38.0
29e950511bb37c37594d845eecda2f58##system/etc/security/cacerts/81b9768f.0
dc60e658ec370fe14c13f9ef7ce69ea8##system/etc/security/cacerts/9282e51c.0
85e80ccc0e2d83c722bc50335753daf1##system/etc/security/cacerts/cb156124.0
6adf0cadfda73bcfa8ac38f357ccc7e9##system/etc/security/cacerts/10531352.0
87967698aeeb9bb9f25bacf773a3d7cc##system/etc/security/cacerts/75680d2e.0
552fdc5a86c20a0c8e03e8858f487870##system/etc/security/cacerts/cb1c3204.0
3d6df24f8685dfad5818e2575cc23543##system/etc/security/cacerts/8d6437c3.0
efa239222ddd5af698fb483d4678bc9f##system/etc/security/cacerts/5f47b495.0
d22b07bdca90f5115001dfbd245cbe7d##system/etc/security/cacerts/48a195d8.0
fb03425f8b4f1fb5fee73c11fdb3d7fd##system/etc/security/cacerts/a2df7ad7.0
0681aa7eda612cd2054d9e2b6a898c17##system/etc/security/cacerts/ff783690.0
85c6f0901b95ebf691977c8c0ae6f48f##system/etc/security/cacerts/f61bff45.0
3fa419f017756e18d0fa29960ca7759d##system/etc/security/cacerts/72f369af.0
95e99a2a63f3e25a877613f20ed6b65b##system/etc/security/cacerts/2add47b6.0
5ced9f67953077bf266df7ec059eebf5##system/etc/security/cacerts/1dac3003.0
0e46e02399f419e13d1a373c075b76cc##system/etc/security/cacerts/ee7cd6fb.0
29bb696c2d214c56c5e1df0864aa2917##system/etc/security/cacerts/d4c339cb.0
3d28e8a0b296a187657a9ca598a13f16##system/etc/security/cacerts/04f60c28.0
8c38b2a41cc489cd958dfedde23cfdb1##system/etc/security/cacerts/facacbc6.0
6ccf9215e4bb8ed9a230c0da61f40d41##system/etc/security/cacerts/0d69c7e1.0
df378e4d6fe7ed741e0f3d2f556d8f0d##system/etc/security/cacerts/8470719d.0
b0626e4f15344a25270d41a31f266d60##system/etc/security/cacerts/95aff9e3.0
646d4ec663f172df881e7adfe0979416##system/etc/security/cacerts/882de061.0
1bed3bdd19ff00987b38261c7d3ba042##system/etc/security/cacerts/aeb67534.0
c3aa12b84a49b0103847cee6e711b230##system/etc/security/cacerts/ab5346f4.0
97c1b2908adeca440bef8a2f00926ba1##system/etc/security/cacerts/ee90b008.0
d2d1b4c7391bc505c8f32984dd652850##system/etc/security/cacerts/399e7759.0
2b985711217714fc91866120f5cecd7d##system/etc/security/cacerts/5046c355.0
2e2941b9179371828d1d7ca448eb2ff6##system/etc/security/cacerts/7672ac4b.0
2e0ba3a08bcdfcfa84f02bd9607499c3##system/etc/security/cacerts/60afe812.0
27815455fdcf62f684041816777c90c3##system/etc/security/cacerts/e8651083.0
955c3a46470eb112f594322d4412d1a5##system/etc/security/cacerts/5a3f0ff8.0
6c5dca34644bafaf80918bf77efc98fc##system/etc/security/cacerts/cf701eeb.0
f2c674eb1f0e29e0d0dfea7e7f8fd49e##system/etc/security/cacerts/d6e6eab9.0
2c86fcf58a6db4237b0cb92bcacfae5d##system/etc/security/cacerts/87753b0d.0
07dad84cfe8ff8ddf4590539a2700082##system/etc/security/cacerts/9d6523ce.0
2e131bde4eac3b34a3d48ddbf88675d5##system/etc/security/cacerts/a0bc6fbb.0
39b1ea0f71bb6abc42929ee0821ef4d0##system/etc/security/cacerts/27af790d.0
f783748781fff60bc1062000f0713a89##system/etc/security/cacerts/d5727d6a.0
df0c94696382be1673574de86f4f268e##system/etc/security/cacerts/5e4e69e7.0
7fb7c74e5f7a62be8c38a91258b83b58##system/etc/security/cacerts/dbc54cab.0
16a84e154668c104d1b1dad4fe204ccc##system/etc/security/otacerts.zip
22a6a4e25b9b940766c91ee6330c2893##system/etc/a2dp_audio_policy_configuration.xml
e2437bc38ce4f001f751288b953b59f5##system/etc/mkshrc
3343dde82677bbe2bbc690b496cd6aa9##system/etc/wifi/p2p_supplicant_overlay.conf
ffecf33b77f45a24176e935429490316##system/etc/wifi/wpa_supplicant.conf
b35819ab6984d699ba1f280298ea9d45##system/etc/wifi/wpa_supplicant_overlay.conf
f197d7c8a42d07a347d8fc4687b72d5e##system/etc/compiled-classes
a758cb74a049052a10620c1977ea21a7##system/etc/public.libraries.txt
fbfaf8cfb4cabd63689a7beea3665f6d##system/etc/clatd.conf
f46cc054d884eae2a313a723b0642817##system/etc/media_codecs_google_audio.xml
c522ec33b7de7d9e9028d88ee2c5c17d##system/etc/event-log-tags
7affb2153594874f72f633edafdba5a6##system/etc/spn-conf.xml
be9cfeabbea298c23c4210a553ac880d##system/etc/media_codecs_mediatek_audio.xml
5006aeb71b94d75cfdbc7b48db363def##system/etc/seccomp_policy/mediaextractor-seccomp.policy
ad5572f10334686334927106fac43da0##system/etc/seccomp_policy/mediacodec-seccomp.policy
b2e026e1b41b8df4c51b1ca09c4913c5##system/etc/media_codecs_performance.xml
62fe1ed42f9da06ee68a6d1ba8c5b72e##system/etc/audio_effects.conf
8187dfe28df35387ee0d932a5c152a51##system/etc/audio_policy_volumes.xml
0ba48ff9f7e173f8429cc9f2885a20c7##system/etc/r_submix_audio_policy_configuration.xml
6af49df9b5b1ac1c98c79b9dab2ab2d2##system/etc/media_codecs_google_video_le.xml
cb1a8f1e9e2edcfab2d10cc2fecececb##system/etc/apns-conf.xml
fa7271b7bf9563e060acd08622eb6ee7##system/etc/bluetooth/bt_stack.conf.debug
ed6b59f74e1c9e126fa41f7e0bbcedb7##system/etc/bluetooth/bt_stack.conf
49cdf90d7820633c038ecb65acf5cd76##system/etc/bluetooth/bt_did.conf
99c8294ccbe9df158ce6e0eb12ab15eb##system/etc/bluetooth/bt_stack.conf.sqc
48316f743c516ae280be303462281906##system/etc/media_codecs.xml
9e8d1bd535ba160d68e1a085cd227cf1##system/etc/trustzone.bin
645b4169ac0a4e82135fdb5f93f9f25f##system/etc/media_codecs_mediatek_video.xml
3ccf28f70e486adcde990e6c2ee9ccc4##system/etc/fonts.xml
c6d9d56391f4d31a6bf90ad5c6904626##system/etc/recovery-resource.dat
26c9ba0a8c263242d9e709dbf7be5eff##system/etc/ppp/ip-up-vpn
e1211bf4e500ec818689d0498cbaa2df##system/etc/default_volume_tables.xml
8fa56ca38fb6a89d28a836e89128502a##system/etc/permissions/android.hardware.vulkan.version.xml
34df1862f0dee7e97962a260d1afe746##system/etc/permissions/android.software.midi.xml
08b445f34d89c9e44b6ca53b11f8fd1e##system/etc/permissions/android.hardware.touchscreen.xml
3163835d9c2e089cc8c5838cffaae7bf##system/etc/permissions/android.hardware.faketouch.xml
47f4a81e6dac1b62e807d53080bc2c68##system/etc/permissions/android.hardware.vulkan.level.xml
7ae68b9216a44200e1fc5e47ce867302##system/etc/permissions/android.hardware.camera.xml
ee54e84076c3b34fd71892565d835576##system/etc/permissions/com.android.media.remotedisplay.xml
8e4b362cbe34bca5cc0c978c910e304d##system/etc/permissions/com.android.mediadrm.signer.xml
7674818205fd10db2846e7db1f6a4f79##system/etc/permissions/android.hardware.wifi.xml
e6a8d30518d56548d06400f8b7b83898##system/etc/permissions/android.hardware.wifi.direct.xml
ebe75e1b6968e731fff1924c0dc36c1c##system/etc/permissions/android.hardware.bluetooth.xml
33618220999dc1f66803bc3f86bae59e##system/etc/permissions/android.hardware.usb.host.xml
bdc59a46ca2f135b85e67c22c5410dcc##system/etc/permissions/com.android.location.provider.xml
542d67c398bc779ce8c0f1c552795f33##system/etc/permissions/android.hardware.bluetooth_le.xml
a81d412bd83dc1a23e5c2dd673b5c756##system/etc/permissions/android.hardware.location.xml
6e9f654e0c5a903ea93f21ee9e4cd215##system/etc/permissions/android.hardware.touchscreen.multitouch.jazzhand.xml
90b41718e0831c396898d483be16f0ff##system/etc/permissions/android.hardware.microphone.xml
79ef13c441eb6c62abf45b1f38a93b0d##system/etc/permissions/android.hardware.opengles.aep.xml
37703c13daebe585a9e63e1a184d99de##system/etc/permissions/android.hardware.touchscreen.multitouch.xml
48316f743c516ae280be303462281906##system/etc/permissions/media_codecs.xml
0fbd50ecafc3841ef4c529c537ee0216##system/etc/permissions/android.hardware.telephony.gsm.xml
7341dd12e4e4e436015a947155990beb##system/etc/permissions/handheld_core_hardware.xml
3b2ef4b89a91962b652f66ec752d3d8f##system/etc/permissions/android.hardware.usb.accessory.xml
8aae1e7c6b6cd2b6426a452e3823f20e##system/etc/permissions/android.software.verified_boot.xml
5e87ec4cad6ba3470d1ef78d0fc27026##system/etc/permissions/android.software.webview.xml
42dcd6ffe50fd2c322b34dfb8f56bd0b##system/etc/permissions/android.hardware.sensor.accelerometer.xml
3bb84afa5ab34324755328fc70a35eba##system/etc/permissions/platform.xml
ef66b6657a21fabba5ca1e825dea5c60##system/etc/permissions/android.hardware.touchscreen.multitouch.distinct.xml
5063e52defda48d0052d249dd2191672##system/etc/permissions/android.software.live_wallpaper.xml
3203a42d7a6b024067f70c5f515b98ea##system/etc/hosts
813811352b2cd079277fcec55aaddaff##system/etc/audio_policy_configuration.xml
35990ba860ba4c87da0da0713d61815c##system/etc/usb_audio_policy_configuration.xml
3a108d267d7e479392b18b514de1bcd7##system/etc/preloaded-classes
347a000230294b51e6b400ab336e4343##system/etc/alarmplus.config
e3c125e868482c5d4e31c56b8e5d4f44##system/data/recovery_rootcheck
4849d9390a982e8abec35a13499438ec##system/app/PetSystemEx.apk
cc48457d53e4b88370d3f265963f5dd7##system/app/VisionProtection.apk
3fd3a4200b04bf534c95558fc7909c2c##system/app/ExtShared/ExtShared.apk
46811005a055949393798bb9bd2e6f1b##system/app/EasterEgg/EasterEgg.apk
aa77bd268422a1b7f7fed968b45951a2##system/app/Recorder.apk
ce36e4b3082c60c382276f9c4166aaa9##system/app/PadStudyOSThemes.apk
7490198870ba964efb643615226cfee2##system/app/BBKMusic.apk
ff274e551ca4be7a264a39902f0ef0b4##system/app/BBKMiddleMarket.apk
fd2654984de1dc138d3dcf9fb38eedc6##system/app/OneSearchDark.apk
5bac6c05ff8b101443ad0de14140bca1##system/app/KeyChain/KeyChain.apk
df06a5694d85f26d170027766159fb89##system/app/Feedback.apk
1b5df924a0c8245403caf7865db0651a##system/app/NineSync.apk
f2ab752c2ffde41b53287f3370f6b412##system/app/BBKDeskClock.apk
8f026982412d2753c011d13693591dcc##system/app/UserDictionaryProvider/UserDictionaryProvider.apk
85e13b801482ab5bb98636404c15c857##system/app/Dict.apk
d42c57643e695f9242ef4238f44c24dd##system/app/EnglishTalk.apk
bda50e79545e3e9a92abfacf77c78c0d##system/app/StudyOsWallpaper.apk
73aa370d769fa58522f31713d58b04b0##system/app/LiveWallpapersPicker/LiveWallpapersPicker.apk
827f941fa942d10c19d4260734edce9b##system/app/Timetable.apk
c4009bd1ff8911437aeec4fde1f9be37##system/app/BBKSelfTest.apk
678cd28ec2675747f8c1914a902093e5##system/app/BBKBrowser.apk
fa55488a95ec2557041d0a7bfdd81dff##system/app/PlayManual.apk
cef4d33d3b115bf0eabc241c028045b0##system/app/BFCBehavior.apk
070b38c1c1d58d547bf3c182bd632813##system/app/BasicDreams/BasicDreams.apk
cd3840661056e3306547f80648e5ab1e##system/app/Parentsupport.apk
5b7d4c94a40c470081964002d73be3b7##system/app/VideoPlayer.apk
8ab0ed3620c15653ad911093c3ed747e##system/app/Synchinese.apk
d1a13000f5208c5f488882c4ccf973ba##system/app/QuestionDatabase.apk
a65af4636758a63552534c8d3f089768##system/app/PacProcessor/PacProcessor.apk
c83bb4bc80e73bde546cc2a84786c589##system/app/SyncEnglish.apk
d781dabac7884dbc83ec5545d4928e0b##system/app/FileExplorer.apk
d99d4a8fd85568a8cc0b3088538b521e##system/app/Bluetooth/Bluetooth.apk
c14778fa788baec0d93e4953a4b4fcc2##system/app/PrintSpooler/PrintSpooler.apk
47e233a011bec363d89c8a2bdedd180e##system/app/AngryHorse.apk
82b8a9d3a2ace51971fbb42aa36f1cff##system/app/CaptivePortalLogin/CaptivePortalLogin.apk
17f2369f43d3f7133272320136d7858d##system/app/SynMath.apk
bff0502a4a5e8f13eee7bd076298ed1d##system/app/ServiceCenter.apk
bcfc76b96997ace371fc99e48e118160##system/app/StudyOSLauncherPlugin.apk
3fad3415a1e091dbc82b7238fc791092##system/app/BBKOTA.apk
ac1a1552a1d492b45d15621b318a043b##system/app/UScannerService.apk
afbe431afdf8475f0b283816ce1367e7##system/app/StudyOSOnKeyCleaner.apk
c733ebd8291d45bae18611fa678716a5##system/app/PicoTts/PicoTts.apk
d29468f7564282beb334ceed41b2a460##system/app/HTMLViewer/HTMLViewer.apk
9b6b6477c4ae2d8a34bf69f8c28f0e7d##system/app/DailyAttendance.apk
2a0282cee807a19fad38e42511809b6b##system/app/ApplicationsProvider/ApplicationsProvider.apk
22ee3b3bc66e2dfc7d44d425f20db82b##system/app/AskHomework.apk
ac98fbc078acdd93d507478ed4da080b##system/app/PersonalControl.apk
d96b7c71e63a8aaa59a934655018016f##system/app/StudyOS_Launcher.apk
cc8d0bd73cf6e52b4237863089b97741##system/app/DownloadProviderUi/DownloadProviderUi.apk
5730dcd40f6d52589a9dcc15f1374802##system/app/WallpaperBackup/WallpaperBackup.apk
d3612220a59c6d9cff37665f14d0fc53##system/app/VideoTraining.apk
2598f01f632c8627c3f2077c5ce9deb9##system/app/webview/webview.apk
3860b6653f7c324301f4538597aca1a2##system/app/NewWord.apk
2881d04082b87274d9e859fbbda72d8c##system/app/FestivalAward.apk
cee9ab0c27cd7df09ccb165e2627160c##system/app/BookmarkProvider/BookmarkProvider.apk
78f79a67429117617947881b26907d5b##system/app/PrintRecommendationService/PrintRecommendationService.apk
e6595403f6653a9da768633dad5b5a76##system/app/CtsShimPrebuilt/CtsShimPrebuilt.apk
9c53c0986aec5f58dea836a484e3ac86##system/app/ElectronicAlbum.apk
aa6ba4e5c4981a5fa5d0ad6ed725147b##system/app/CertInstaller/CertInstaller.apk
a75f2a06776bb496451bbc7570cf35d5##system/app/DoExercise.apk
6a30b114e3ca500399742c97c764c013##system/media/video/edge720p.png
2226d9bf51e77d3e3ef6f209824c79a6##system/media/video/gen30.mp4
16f076c67beb608ca50a1d671b253c06##system/media/video/edge.png
e82fabf6631e2833da9d7f5f5f695b40##system/media/bootanimation.zip
85cebac5b49ae9ab7029e1c8a32bb9c9##system/media/audio/ui/VideoRecord.ogg
499bf6ba7f6de3d04c5f749f93ecd26e##system/media/audio/ui/camera_click.ogg
197572a1a918cd83078cd4e5ff83df23##system/media/audio/ui/camera_focus.ogg
0292e13fc8ff060890f472dda83b5d10##system/media/audio/ui/KeypressSpacebar.ogg
0c764dda43f2c23c008e82964eacaa8a##system/media/audio/ui/Unlock.ogg
1998ff29fb6706a0be529c5a507b67c3##system/media/audio/ui/Trusted.ogg
544f29796fdf45440a7fa280b0a2a0c7##system/media/audio/ui/WirelessChargingStarted.ogg
ceff5f090018089a706ef8d7f53b3e37##system/media/audio/ui/Lock.ogg
e1f82b62a2c18b44449a4434291520c8##system/media/audio/ui/VideoStop.ogg
40e1ac4d2172afabf28f9ed357040a74##system/media/audio/ui/Dock.ogg
7c8348a96a095c7cc52080107ab967d9##system/media/audio/ui/KeypressReturn.ogg
565c6241a6d467df794e0b2ca897729d##system/media/audio/ui/Effect_Tick.ogg
488237eb614de34eb85b8b984500d133##system/media/audio/ui/KeypressStandard.ogg
93ae2436b73ff346dabd93d74fb06b1b##system/media/audio/ui/camera_shutter.ogg
da74bd43c2a44718cec7432c33e91d8d##system/media/audio/ui/LowBattery.ogg
f51713f329737ca85a051fd32bd3236b##system/media/audio/ui/Undock.ogg
07a2491152f1255e2720d11d35e5263d##system/media/audio/ui/KeypressDelete.ogg
2bdf043a39ada62c29906a50551a302b##system/media/audio/ui/KeypressInvalid.ogg
73340d29864ce463dd572b5518f3d4c1##system/media/audio/ringtones/FreeFlight.ogg
d924af90aa84b47ef6e557a9ab02b5e9##system/media/audio/ringtones/Ding.ogg
7735425cab72f39ae9c5febb9dbebb0a##system/media/audio/ringtones/Funk_Yall.ogg
fac9064fb11279e85c873aa312947cd5##system/media/audio/ringtones/Ring_Classic_02.ogg
c6831e9ca577c0e695f0e9fd12d64091##system/media/audio/ringtones/Calypso_Steel.ogg
c1af0adc9a8897ba637713504bd7c067##system/media/audio/ringtones/Safari.ogg
4594542f2a3e5e31fbfe6f145cfac8d4##system/media/audio/ringtones/SpringyJalopy.ogg
acdaae0c9239af011ebe1b45c7a3eb91##system/media/audio/ringtones/EtherShake.ogg
8b671b6f30b24b3ac6e9a55035853f90##system/media/audio/ringtones/RomancingTheTone.ogg
748e11916f005b06015b9e75756f4c37##system/media/audio/ringtones/Zeta.ogg
9847a84a050f628758e3ccd693eed1b2##system/media/audio/ringtones/Vespa.ogg
0a1474d4e8a4c2d6e996d820e019002a##system/media/audio/ringtones/BentleyDubs.ogg
5268ab95ec5968248567f1ea5166beb5##system/media/audio/ringtones/Third_Eye.ogg
93a05dda8f1c78932a1b12c117ca1fd5##system/media/audio/ringtones/Machina.ogg
54c068e8a696907d3d81cb6f28998636##system/media/audio/ringtones/Terminated.ogg
ce39350ced1534f4812cae60999cdd5c##system/media/audio/ringtones/Cygnus.ogg
dc13796590fdfca78e69cc9790947122##system/media/audio/ringtones/Glacial_Groove.ogg
4678ea31ee6b623ef767e7b8613c0427##system/media/audio/ringtones/Pegasus.ogg
f2383a3e0d90afa29eba445c51af7d07##system/media/audio/ringtones/BeatPlucker.ogg
25632de3b6c10454903d5fff8b8fff93##system/media/audio/ringtones/Growl.ogg
7dd71f0b51a81b627e8c1cd1ead63a3d##system/media/audio/ringtones/Ring_Synth_04.ogg
f60d634e44b635229ce6f824d50b3898##system/media/audio/ringtones/Rasalas.ogg
d56538387a25ac20566f365205b6145c##system/media/audio/ringtones/Big_Easy.ogg
d4050c570703fa099aea5127fc704c82##system/media/audio/ringtones/Paradise_Island.ogg
8803cccf57c7ba59cf49c091740147cf##system/media/audio/ringtones/LoveFlute.ogg
150152c41210f7a89426bce4f1423906##system/media/audio/ringtones/Atria.ogg
c9bf6dab7e4368e99170e86989250d13##system/media/audio/ringtones/Rigel.ogg
dd64c2857525b52b262c8252ade0c956##system/media/audio/ringtones/Centaurus.ogg
2a18d7a2dce6b902ba294d85792c760a##system/media/audio/ringtones/Club_Cubano.ogg
ced53feab004dd5add7d784e9a534c81##system/media/audio/ringtones/Gimme_Mo_Town.ogg
b6965b6dd8a50ecb712714f8b7d43cae##system/media/audio/ringtones/BussaMove.ogg
34fc94b1c926645c60c26dfb5902036d##system/media/audio/ringtones/Enter_the_Nexus.ogg
967fd7daeee33adcd72f4893497b45e6##system/media/audio/ringtones/DancinFool.ogg
8f8788bb4bfade96f3e8beee47530d25##system/media/audio/ringtones/Playa.ogg
2688521bfaf3c7bb59b1192715b64cf1##system/media/audio/ringtones/Aquila.ogg
ea13439f820cd067811ce9f6d15914ba##system/media/audio/ringtones/Noises3.ogg
68994171b6e3cad5d7427b43d5c53993##system/media/audio/ringtones/Cairo.ogg
3515bfa642ac77778ec728326ca5ff8e##system/media/audio/ringtones/Road_Trip.ogg
6672c7d2c5d3002e2a1722f8c7f2c023##system/media/audio/ringtones/CaribbeanIce.ogg
bf05830c1d75fd3467d2ed7569a60942##system/media/audio/ringtones/Ring_Synth_02.ogg
ea541e16ed7dc160d5b655ccc5411b0c##system/media/audio/ringtones/CANISMAJOR.ogg
a7f19bd00312abc750127e60c9f2dcff##system/media/audio/ringtones/VeryAlarmed.ogg
f3d98ccf095addb804742288251db4b8##system/media/audio/ringtones/Ring_Digital_02.ogg
87ec05afd454b8184a92c6e069f83007##system/media/audio/ringtones/FriendlyGhost.ogg
415ad1d3e4ba023de8a10071edb16abf##system/media/audio/ringtones/DreamTheme.ogg
3e4b2c17883ccbf60331194ab86eaced##system/media/audio/ringtones/Eastern_Sky.ogg
8eed8d67c4e738d88a9c89560ddb2e80##system/media/audio/ringtones/Nairobi.ogg
960eb9bf8c20838b7b67951834f72593##system/media/audio/ringtones/Noises1.ogg
f9c49011cd25695b2483724a594f20f2##system/media/audio/ringtones/Seville.ogg
e61d81bf5e94d011317d9e782bf51119##system/media/audio/ringtones/BOOTES.ogg
ca5346df861e979e6303c61686c948c9##system/media/audio/ringtones/CurveBall.ogg
bb9a4ed4aebeabd80108a7cdf131f00b##system/media/audio/ringtones/Steppin_Out.ogg
ae1d60e37c0a62f70a230088d5106b4b##system/media/audio/ringtones/HalfwayHome.ogg
84e9cf3347f3bd5db09209390b703e5c##system/media/audio/ringtones/CrazyDream.ogg
f071e95adeda053249268ca48f3f605b##system/media/audio/ringtones/Scarabaeus.ogg
1f8e171a7cdccd53047459fcea1c7cb3##system/media/audio/ringtones/Kuma.ogg
e1ae0d56b49a737935c18d490a55c435##system/media/audio/ringtones/PERSEUS.ogg
497daa57092c8e753b60304e1166fc2a##system/media/audio/ringtones/CASSIOPEIA.ogg
c6314d5fd857ba524cf7e5e80475783e##system/media/audio/ringtones/Sceptrum.ogg
9ee9946e42ec7992816abf16a9e27f6f##system/media/audio/ringtones/MidEvilJaunt.ogg
6c82b2b4f16ecf011def3cc1237ee698##system/media/audio/ringtones/Revelation.ogg
d665318233330696e15d0dc69f412753##system/media/audio/ringtones/Noises2.ogg
beb0c3951cd59d6c9701a17a31fbe10a##system/media/audio/ringtones/World.ogg
a061377d1cdb98c2f21ea01612e73472##system/media/audio/ringtones/GameOverGuitar.ogg
23c5b385029f64a78d99c97213f2a8f7##system/media/audio/ringtones/ArgoNavis.ogg
3a1d5d55573d265e481a6ad798debc99##system/media/audio/ringtones/Testudo.ogg
45de814a1fe49007f5be0b28761e7190##system/media/audio/ringtones/ANDROMEDA.ogg
4f131568c41292662a751fff6765cce9##system/media/audio/ringtones/CrayonRock.ogg
53d3a51864392fe9915300ac9dc43cdb##system/media/audio/ringtones/Bollywood.ogg
9cddc2d22282ca7c6d9b4a079fffd77c##system/media/audio/ringtones/NewPlayer.ogg
ac330dab8b7c1502c04ecb1ead32f62d##system/media/audio/ringtones/OrganDub.ogg
48863a6cf1e4bdebecaccfd014495b31##system/media/audio/ringtones/Champagne_Edition.ogg
ac2ef3fa970657cd3501d03aaed853f8##system/media/audio/ringtones/InsertCoin.ogg
6121769c742b51af785254ef5268effb##system/media/audio/ringtones/Solarium.ogg
8c1c4f881fa37836e0b8cbd3d2863419##system/media/audio/ringtones/No_Limits.ogg
b6e4d7b4ade7dcc33373099b323705a5##system/media/audio/ringtones/Eridani.ogg
c31dfaa6e40a341c0749abdd10d22da9##system/media/audio/ringtones/UrsaMinor.ogg
19db5c9b6ab5246be3fc773e4a2d204d##system/media/audio/ringtones/Pyxis.ogg
63b71b247efd6735ff391a4dd08ee4db##system/media/audio/ringtones/DonMessWivIt.ogg
d516cab9d1c0d9af10b7f6da4ba09e23##system/media/audio/ringtones/Carina.ogg
20912ce7f7c99940f9d4be7f24e76602##system/media/audio/ringtones/Backroad.ogg
0b3d733fbfa5b804ee1cbbd9d37ddcc1##system/media/audio/ringtones/Thunderfoot.ogg
e8fdd23ad4048201fb3cd2229713cf61##system/media/audio/ringtones/Savannah.ogg
fb30d66218b723feb555dfeeb70643ff##system/media/audio/ringtones/Themos.ogg
b9c317054f194789b60b22830f1df90d##system/media/audio/ringtones/Nassau.ogg
83ab30da7c23e318b0ec2b29c571862b##system/media/audio/ringtones/BirdLoop.ogg
564cfb6b4da02c330243badccefe2e1b##system/media/audio/ringtones/Hydra.ogg
2208f36428396c319bdadeedec8c997f##system/media/audio/ringtones/Draco.ogg
26b23007957030268440989c59ae3b4b##system/media/audio/ringtones/MildlyAlarming.ogg
ba546e8fdb2463aad5988a84c8b6f0e4##system/media/audio/ringtones/SitarVsSitar.ogg
627cf6f20a433911c5b0550a46f9e326##system/media/audio/ringtones/Girtab.ogg
f1a037084c52c0c87eb500f2a0164b2f##system/media/audio/ringtones/URSAMINOR.ogg
686e73975ab003d5725d1ca41c13b49c##system/media/audio/ringtones/SilkyWay.ogg
678f207632394e14cb0c140d66318298##system/media/audio/ringtones/Shes_All_That.ogg
c1f2ce5d5139bdd22bf2c9c60756acfa##system/media/audio/ringtones/Orion.ogg
21d4c693cf137a1e32409e7e41c47ce1##system/media/audio/ringtones/TwirlAway.ogg
e1d685af7ac7ddac84f28d764757b71e##system/media/audio/ringtones/Lyra.ogg
d7613754c8fa709918e7dac40c8948b5##system/media/audio/ringtones/LoopyLounge.ogg
c23a8a1292f22a48ced5f21fe4b60e43##system/media/audio/alarms/Plutonium.ogg
c9a6ba4d864a368a2a96abb09ab6c92a##system/media/audio/alarms/Hassium.ogg
4d6468ac3da22883eca22fe6d629818b##system/media/audio/alarms/Barium.ogg
a774bd328ab98394378cdd95d0f08886##system/media/audio/alarms/Helium.ogg
00df344db4e9ee756ee16ff33a81e6dc##system/media/audio/alarms/Osmium.ogg
543880e686ca417ac7cffc05f4d9f9db##system/media/audio/alarms/Alarm_Buzzer.ogg
c8e44ab1aa9cb2c79cd8857f53bb21ee##system/media/audio/alarms/Nobelium.ogg
29fb98a84c74fd7de07983f1522b5af6##system/media/audio/alarms/Neptunium.ogg
caa99e37be6a4c80d88a82c03ff70501##system/media/audio/alarms/Alarm_Rooster_02.ogg
9607e97487a86bdfc3b1c6a6c52494b9##system/media/audio/alarms/Alarm_Classic.ogg
22b9c9a9766f79b485ddb1279f09c273##system/media/audio/alarms/Krypton.ogg
89f383e6e1216de0fed94361b3f4890c##system/media/audio/alarms/Alarm_Beep_03.ogg
65ee557d7657120f166f88749ba70c18##system/media/audio/alarms/Oxygen.ogg
c942d192aafed8ba82966ab0ed79466a##system/media/audio/alarms/Argon.ogg
9656780c779ddc71d9593649cc1fd42f##system/media/audio/alarms/Carbon.ogg
01821ed279399d68cf4921924bcd33cd##system/media/audio/alarms/Platinum.ogg
547d77b42863c88b751f8b55bd6a7bd6##system/media/audio/alarms/Fermium.ogg
29233809ad97ed1ea7aadc63da8b554a##system/media/audio/alarms/Neon.ogg
0242c23f880bef13dea9bb5c171fc6c1##system/media/audio/alarms/Scandium.ogg
4b94b3bbe68f85d947dae152b2983ea9##system/media/audio/alarms/Alarm_Beep_02.ogg
277221c7d2618ed467f7e8a7b011dca0##system/media/audio/alarms/Alarm_Beep_01.ogg
1c891d277a8c0b5c02715b5443d537c0##system/media/audio/notifications/Highwire.ogg
e72da3f2eedee59fd74bd19c44676cf1##system/media/audio/notifications/Tejat.ogg
19df82da6e698871f01c5d7d05ca174f##system/media/audio/notifications/F1_MissedCall.ogg
d2b42b7598f7235ab49ceb4506771ff6##system/media/audio/notifications/Zirconium.ogg
66546e0e561718f9b8bcbe6c672310ed##system/media/audio/notifications/Rubidium.ogg
b0ea4cd8a2f5db759370161b5d055260##system/media/audio/notifications/Helium.ogg
ecc6695aed66dbfeb3d96ba018d2f6e9##system/media/audio/notifications/Merope.ogg
090ef81742cafcc402bf3b0445ca6e77##system/media/audio/notifications/Radon.ogg
eb8e1412c054c620efcc3ba7f71606cd##system/media/audio/notifications/Palladium.ogg
733cb6e88ce5f21dc0a9c266f154c393##system/media/audio/notifications/Cricket.ogg
b29ed657e439673f7d0a459c163a1ed4##system/media/audio/notifications/Upsilon.ogg
3788cd95d4818b785370d0585a2e98a5##system/media/audio/notifications/Voila.ogg
048838f23492e88be5e8c5e2a3e7c282##system/media/audio/notifications/Syrma.ogg
0cb58f7113c40ab0a577b4eef543b5de##system/media/audio/notifications/Strontium.ogg
318e827b1c273ca0a70705697edb828c##system/media/audio/notifications/Arcturus.ogg
88cefb0b92229947a812fbf6fffbabfd##system/media/audio/notifications/Canopus.ogg
ea189b64a968dea80cc95055f6ee5b11##system/media/audio/notifications/DearDeer.ogg
adc0b6771e3ff85d5ba987c5b2b3558b##system/media/audio/notifications/Pollux.ogg
489d3fccdd9b9cbad7cbc1b633553f88##system/media/audio/notifications/Deneb.ogg
653ef24d3b669f4631e8f039cb56be77##system/media/audio/notifications/Beryllium.ogg
20be1dc61404e94e9896d7027dff2748##system/media/audio/notifications/Thallium.ogg
865e2de9ba9369ab3ed0d04fb1a066f7##system/media/audio/notifications/moonbeam.ogg
f61d8e26e6aef35b0322479025898d14##system/media/audio/notifications/Capella.ogg
8f535173b82dcc5b5b15d67eebdae718##system/media/audio/notifications/Drip.ogg
c199df6d0031d14d4f4770a84dbc6e6c##system/media/audio/notifications/OnTheHunt.ogg
8e13db1169fe5cf4f5a2425195199abd##system/media/audio/notifications/Iridium.ogg
8943fa8aadf176441393aff39ee31b34##system/media/audio/notifications/F1_New_MMS.ogg
d4b82d820d83fa0ca8d6195c529cd392##system/media/audio/notifications/CaffeineSnake.ogg
b6aaa49c3fb3b3a90a621545ca9bf01a##system/media/audio/notifications/Procyon.ogg
ce4043123492ead1e4c68a63793cbd12##system/media/audio/notifications/Plastic_Pipe.ogg
fb9df047c65b7e0707390757a0de5b60##system/media/audio/notifications/Fomalhaut.ogg
f11b141171fc1df5161ce7c7f66e3b67##system/media/audio/notifications/Lalande.ogg
cba47c1638632cfd2d4489e6ccb27bf9##system/media/audio/notifications/vega.ogg
64c3e0dacd5d6ace3e84a51fb8490dcf##system/media/audio/notifications/Proxima.ogg
6b372798dbce9039e80bbdd9c80a5ae3##system/media/audio/notifications/Antares.ogg
5d84dd4a5fc2beeac4e974bdeb388dee##system/media/audio/notifications/Beat_Box_Android.ogg
1a98a78d703dddfe73d39ef9196392bb##system/media/audio/notifications/pizzicato.ogg
90d6ad288cb8d20a8750b28fbac3a894##system/media/audio/notifications/Krypton.ogg
d6ebeecaf8cc4ae929d0b6c0e9903b92##system/media/audio/notifications/F1_New_SMS.ogg
9e833f36efc4c6413dbd00db61656eb4##system/media/audio/notifications/Gallium.ogg
5ae22285ebd98d8051d9cb2bb63bcc2c##system/media/audio/notifications/Spica.ogg
41fa7e980701632215129e7b8f16bf50##system/media/audio/notifications/Bellatrix.ogg
999352d25459b228603f3b3fac431132##system/media/audio/notifications/SpaceSeed.ogg
5ccc00ab08943ddf4657d856cd29cbcb##system/media/audio/notifications/tweeters.ogg
698bcbe607833440ab501b7cc82c0a15##system/media/audio/notifications/Alya.ogg
7a0c46ad93fa63291b747981116600a4##system/media/audio/notifications/Electra.ogg
10ab8a903aa12d2da5defc8169898c00##system/media/audio/notifications/Argon.ogg
b9fb4cd8e9e9f75cb098ee6e11dcd9e6##system/media/audio/notifications/Betelgeuse.ogg
4a7ffee5a99620ea2f50ef2a9dac965c##system/media/audio/notifications/KzurbSonar.ogg
f63aa467fc4b52f6fe6841bc8d95d82e##system/media/audio/notifications/Tinkerbell.ogg
89db6364818d469f50d3aa5f30d8aa18##system/media/audio/notifications/Castor.ogg
b0bb7e21fd05655a22f995a21da36c7d##system/media/audio/notifications/Mira.ogg
f8a5e4e4a7ad56bd32e7244a76bbba14##system/media/audio/notifications/Cobalt.ogg
5564e9727dd446cfffe26791e5973462##system/media/audio/notifications/Altair.ogg
b1bc07fa9712342654331f5193dec521##system/media/audio/notifications/Hojus.ogg
b4404434954c4a01b9e3576a7660edb7##system/media/audio/notifications/DontPanic.ogg
b17e07be7051f567574613a4a7a4a27a##system/media/audio/notifications/Adara.ogg
5f35d6ca39ac363f636842175439cf69##system/media/audio/notifications/Fluorine.ogg
76c86a68018856a4bfc4d7f1777763af##system/media/audio/notifications/Polaris.ogg
0140405b0737b112df9142614e5613cb##system/media/audio/notifications/Doink.ogg
7b7a03c26906442376f6e0751850002c##system/media/audio/notifications/Aldebaran.ogg
d444bd01783fe7634c3b0e616798724a##system/media/audio/notifications/Talitha.ogg
3db5b0294074aaec46c4d54b5a9f46bb##system/media/audio/notifications/regulus.ogg
f1859518a02b570b11beb84c3663b246##system/media/audio/notifications/Sirrah.ogg
ea76218637d10eacd4361665662a1e49##system/media/audio/notifications/sirius.ogg
fbc375adf2a01eb1d3f8700e0fa1feea##system/media/audio/notifications/Selenium.ogg
26d7fe657e7e00c4afe5487ae0775619##system/media/audio/notifications/pixiedust.ogg
23c3818febdad3e96769d89a4604ef2c##system/media/audio/notifications/Xenon.ogg
d35da86649102252b811e3af1b01a9f5##system/media/audio/notifications/CetiAlpha.ogg
cfdf4cb2b148f4f8687b02b5121372f9##system/media/audio/notifications/Antimony.ogg
5f82fb18fad4598ab1ebd3632d777e18##system/media/audio/notifications/Shaula.ogg
489f02b6dc015a48e44527f2727a3424##system/media/audio/notifications/Heaven.ogg
fff1e0b871d7b1a89aa1b8b6d04f2d23##system/media/audio/notifications/TaDa.ogg
